user_id,first_name,last_name,gender,level
53,Celeste,Williams,F,free
53,Celeste,Williams,F,free
53,Celeste,Williams,F,free
53,Celeste,Williams,F,free
69,Anabelle,Simpson,F,free
62,Connar,Moreno,M,free
101,Jayden,Fox,M,free
95,Sara,Johnson,F,paid
95,Sara,Johnson,F,paid
95,Sara,Johnson,F,paid
95,Sara,Johnson,F,paid
95,Sara,Johnson,F,paid
95,Sara,Johnson,F,paid
95,Sara,Johnson,F,paid
95,Sara,Johnson,F,paid
95,Sara,Johnson,F,paid
95,Sara,Johnson,F,paid
95,Sara,Johnson,F,paid
95,Sara,Johnson,F,paid
95,Sara,Johnson,F,paid
95,Sara,Johnson,F,paid
95,Sara,Johnson,F,paid
95,Sara,Johnson,F,paid
10,Sylvie,Cruz,F,free
95,Sara,Johnson,F,paid
15,Lily,Koch,F,paid
95,Sara,Johnson,F,paid
95,Sara,Johnson,F,paid
15,Lily,Koch,F,paid
15,Lily,Koch,F,paid
95,Sara,Johnson,F,paid
15,Lily,Koch,F,paid
95,Sara,Johnson,F,paid
95,Sara,Johnson,F,paid
15,Lily,Koch,F,paid
95,Sara,Johnson,F,paid
15,Lily,Koch,F,paid
95,Sara,Johnson,F,paid
15,Lily,Koch,F,paid
95,Sara,Johnson,F,paid
15,Lily,Koch,F,paid
95,Sara,Johnson,F,paid
15,Lily,Koch,F,paid
95,Sara,Johnson,F,paid
15,Lily,Koch,F,paid
95,Sara,Johnson,F,paid
15,Lily,Koch,F,paid
95,Sara,Johnson,F,paid
15,Lily,Koch,F,paid
95,Sara,Johnson,F,paid
95,Sara,Johnson,F,paid
15,Lily,Koch,F,paid
15,Lily,Koch,F,paid
95,Sara,Johnson,F,paid
15,Lily,Koch,F,paid
95,Sara,Johnson,F,paid
15,Lily,Koch,F,paid
15,Lily,Koch,F,paid
95,Sara,Johnson,F,paid
15,Lily,Koch,F,paid
95,Sara,Johnson,F,paid
15,Lily,Koch,F,paid
95,Sara,Johnson,F,paid
15,Lily,Koch,F,paid
95,Sara,Johnson,F,paid
15,Lily,Koch,F,paid
95,Sara,Johnson,F,paid
95,Sara,Johnson,F,paid
15,Lily,Koch,F,paid
95,Sara,Johnson,F,paid
15,Lily,Koch,F,paid
15,Lily,Koch,F,paid
95,Sara,Johnson,F,paid
15,Lily,Koch,F,paid
95,Sara,Johnson,F,paid
15,Lily,Koch,F,paid
95,Sara,Johnson,F,paid
95,Sara,Johnson,F,paid
15,Lily,Koch,F,paid
95,Sara,Johnson,F,paid
95,Sara,Johnson,F,paid
95,Sara,Johnson,F,paid
95,Sara,Johnson,F,paid
95,Sara,Johnson,F,paid
95,Sara,Johnson,F,paid
95,Sara,Johnson,F,paid
95,Sara,Johnson,F,paid
95,Sara,Johnson,F,paid
95,Sara,Johnson,F,paid
95,Sara,Johnson,F,paid
95,Sara,Johnson,F,paid
95,Sara,Johnson,F,paid
95,Sara,Johnson,F,paid
95,Sara,Johnson,F,paid
63,Ayla,Johnson,F,free
49,Chloe,Cuevas,F,free
49,Chloe,Cuevas,F,free
49,Chloe,Cuevas,F,free
6,Cecilia,Owens,F,free
6,Cecilia,Owens,F,free
15,Lily,Koch,F,paid
15,Lily,Koch,F,paid
15,Lily,Koch,F,paid
15,Lily,Koch,F,paid
15,Lily,Koch,F,paid
15,Lily,Koch,F,paid
15,Lily,Koch,F,paid
15,Lily,Koch,F,paid
15,Lily,Koch,F,paid
15,Lily,Koch,F,paid
15,Lily,Koch,F,paid
15,Lily,Koch,F,paid
15,Lily,Koch,F,paid
15,Lily,Koch,F,paid
15,Lily,Koch,F,paid
15,Lily,Koch,F,paid
15,Lily,Koch,F,paid
15,Lily,Koch,F,paid
15,Lily,Koch,F,paid
15,Lily,Koch,F,paid
15,Lily,Koch,F,paid
15,Lily,Koch,F,paid
15,Lily,Koch,F,paid
15,Lily,Koch,F,paid
15,Lily,Koch,F,paid
15,Lily,Koch,F,paid
15,Lily,Koch,F,paid
15,Lily,Koch,F,paid
15,Lily,Koch,F,paid
15,Lily,Koch,F,paid
15,Lily,Koch,F,paid
15,Lily,Koch,F,paid
15,Lily,Koch,F,paid
26,Ryan,Smith,M,free
26,Ryan,Smith,M,free
26,Ryan,Smith,M,free
50,Ava,Robinson,F,free
97,Kate,Harrell,F,paid
97,Kate,Harrell,F,paid
97,Kate,Harrell,F,paid
97,Kate,Harrell,F,paid
97,Kate,Harrell,F,paid
97,Kate,Harrell,F,paid
97,Kate,Harrell,F,paid
97,Kate,Harrell,F,paid
97,Kate,Harrell,F,paid
97,Kate,Harrell,F,paid
97,Kate,Harrell,F,paid
97,Kate,Harrell,F,paid
97,Kate,Harrell,F,paid
97,Kate,Harrell,F,paid
97,Kate,Harrell,F,paid
97,Kate,Harrell,F,paid
97,Kate,Harrell,F,paid
97,Kate,Harrell,F,paid
97,Kate,Harrell,F,paid
97,Kate,Harrell,F,paid
97,Kate,Harrell,F,paid
97,Kate,Harrell,F,paid
97,Kate,Harrell,F,paid
97,Kate,Harrell,F,paid
97,Kate,Harrell,F,paid
97,Kate,Harrell,F,paid
97,Kate,Harrell,F,paid
97,Kate,Harrell,F,paid
97,Kate,Harrell,F,paid
101,Jayden,Fox,M,free
101,Jayden,Fox,M,free
63,Ayla,Johnson,F,free
32,Lily,Burns,F,free
23,Morris,Gilmore,M,free
23,Morris,Gilmore,M,free
101,Jayden,Fox,M,free
101,Jayden,Fox,M,free
101,Jayden,Fox,M,free
101,Jayden,Fox,M,free
83,Stefany,White,F,free
76,Jayden,Duffy,F,free
6,Cecilia,Owens,F,free
6,Cecilia,Owens,F,free
6,Cecilia,Owens,F,free
80,Tegan,Levine,F,paid
96,Cierra,Finley,F,free
96,Cierra,Finley,F,free
96,Cierra,Finley,F,free
96,Cierra,Finley,F,free
26,Ryan,Smith,M,free
16,Rylan,George,M,free
16,Rylan,George,M,free
44,Aleena,Kirby,F,paid
44,Aleena,Kirby,F,paid
44,Aleena,Kirby,F,paid
44,Aleena,Kirby,F,paid
44,Aleena,Kirby,F,paid
44,Aleena,Kirby,F,paid
44,Aleena,Kirby,F,paid
44,Aleena,Kirby,F,paid
44,Aleena,Kirby,F,paid
44,Aleena,Kirby,F,paid
44,Aleena,Kirby,F,paid
44,Aleena,Kirby,F,paid
44,Aleena,Kirby,F,paid
44,Aleena,Kirby,F,paid
44,Aleena,Kirby,F,paid
44,Aleena,Kirby,F,paid
44,Aleena,Kirby,F,paid
44,Aleena,Kirby,F,paid
44,Aleena,Kirby,F,paid
44,Aleena,Kirby,F,paid
44,Aleena,Kirby,F,paid
44,Aleena,Kirby,F,paid
44,Aleena,Kirby,F,paid
44,Aleena,Kirby,F,paid
44,Aleena,Kirby,F,paid
44,Aleena,Kirby,F,paid
44,Aleena,Kirby,F,paid
44,Aleena,Kirby,F,paid
44,Aleena,Kirby,F,paid
44,Aleena,Kirby,F,paid
44,Aleena,Kirby,F,paid
44,Aleena,Kirby,F,paid
44,Aleena,Kirby,F,paid
44,Aleena,Kirby,F,paid
44,Aleena,Kirby,F,paid
44,Aleena,Kirby,F,paid
37,Jordan,Hicks,F,free
37,Jordan,Hicks,F,free
37,Jordan,Hicks,F,free
37,Jordan,Hicks,F,free
37,Jordan,Hicks,F,free
37,Jordan,Hicks,F,free
37,Jordan,Hicks,F,free
66,Kevin,Arellano,M,free
66,Kevin,Arellano,M,free
26,Ryan,Smith,M,free
6,Cecilia,Owens,F,free
6,Cecilia,Owens,F,free
61,Samuel,Gonzalez,M,free
69,Anabelle,Simpson,F,free
74,Braden,Parker,M,free
7,Adelyn,Jordan,F,free
7,Adelyn,Jordan,F,free
7,Adelyn,Jordan,F,free
18,Jacob,Rogers,M,free
36,Matthew,Jones,M,paid
36,Matthew,Jones,M,paid
36,Matthew,Jones,M,paid
36,Matthew,Jones,M,paid
36,Matthew,Jones,M,paid
36,Matthew,Jones,M,paid
36,Matthew,Jones,M,paid
36,Matthew,Jones,M,paid
52,Theodore,Smith,M,free
36,Matthew,Jones,M,paid
36,Matthew,Jones,M,paid
36,Matthew,Jones,M,paid
36,Matthew,Jones,M,paid
36,Matthew,Jones,M,paid
36,Matthew,Jones,M,paid
36,Matthew,Jones,M,paid
36,Matthew,Jones,M,paid
36,Matthew,Jones,M,paid
36,Matthew,Jones,M,paid
36,Matthew,Jones,M,paid
36,Matthew,Jones,M,paid
14,Theodore,Harris,M,free
8,Kaylee,Summers,F,free
8,Kaylee,Summers,F,free
35,Molly,Taylor,F,free
69,Anabelle,Simpson,F,free
69,Anabelle,Simpson,F,free
69,Anabelle,Simpson,F,free
32,Lily,Burns,F,free
75,Joseph,Gutierrez,M,free
92,Ryann,Smith,F,free
92,Ryann,Smith,F,free
92,Ryann,Smith,F,free
92,Ryann,Smith,F,free
92,Ryann,Smith,F,free
49,Chloe,Cuevas,F,free
49,Chloe,Cuevas,F,free
49,Chloe,Cuevas,F,free
49,Chloe,Cuevas,F,free
49,Chloe,Cuevas,F,free
49,Chloe,Cuevas,F,free
49,Chloe,Cuevas,F,free
49,Chloe,Cuevas,F,free
88,Mohammad,Rodriguez,M,free
88,Mohammad,Rodriguez,M,free
96,Cierra,Finley,F,free
26,Ryan,Smith,M,free
96,Cierra,Finley,F,free
96,Cierra,Finley,F,free
44,Aleena,Kirby,F,paid
96,Cierra,Finley,F,free
44,Aleena,Kirby,F,paid
44,Aleena,Kirby,F,paid
44,Aleena,Kirby,F,paid
44,Aleena,Kirby,F,paid
44,Aleena,Kirby,F,paid
44,Aleena,Kirby,F,paid
44,Aleena,Kirby,F,paid
44,Aleena,Kirby,F,paid
44,Aleena,Kirby,F,paid
44,Aleena,Kirby,F,paid
67,Colm,Santana,M,free
44,Aleena,Kirby,F,paid
67,Colm,Santana,M,free
44,Aleena,Kirby,F,paid
67,Colm,Santana,M,free
67,Colm,Santana,M,free
67,Colm,Santana,M,free
67,Colm,Santana,M,free
67,Colm,Santana,M,free
62,Connar,Moreno,M,free
62,Connar,Moreno,M,free
62,Connar,Moreno,M,free
62,Connar,Moreno,M,free
14,Theodore,Harris,M,free
26,Ryan,Smith,M,free
16,Rylan,George,M,free
26,Ryan,Smith,M,free
16,Rylan,George,M,free
26,Ryan,Smith,M,free
80,Tegan,Levine,F,paid
80,Tegan,Levine,F,paid
80,Tegan,Levine,F,paid
80,Tegan,Levine,F,paid
80,Tegan,Levine,F,paid
80,Tegan,Levine,F,paid
80,Tegan,Levine,F,paid
80,Tegan,Levine,F,paid
80,Tegan,Levine,F,paid
80,Tegan,Levine,F,paid
80,Tegan,Levine,F,paid
80,Tegan,Levine,F,paid
80,Tegan,Levine,F,paid
35,Molly,Taylor,F,free
35,Molly,Taylor,F,free
35,Molly,Taylor,F,free
26,Ryan,Smith,M,free
26,Ryan,Smith,M,free
76,Jayden,Duffy,F,free
76,Jayden,Duffy,F,free
9,Wyatt,Scott,M,free
9,Wyatt,Scott,M,free
49,Chloe,Cuevas,F,paid
49,Chloe,Cuevas,F,paid
49,Chloe,Cuevas,F,paid
49,Chloe,Cuevas,F,paid
49,Chloe,Cuevas,F,paid
49,Chloe,Cuevas,F,paid
49,Chloe,Cuevas,F,paid
49,Chloe,Cuevas,F,paid
49,Chloe,Cuevas,F,paid
49,Chloe,Cuevas,F,paid
49,Chloe,Cuevas,F,paid
49,Chloe,Cuevas,F,paid
49,Chloe,Cuevas,F,paid
49,Chloe,Cuevas,F,paid
49,Chloe,Cuevas,F,paid
49,Chloe,Cuevas,F,paid
49,Chloe,Cuevas,F,paid
49,Chloe,Cuevas,F,paid
78,Chloe,Roth,F,free
69,Anabelle,Simpson,F,free
48,Marina,Sutton,F,free
14,Theodore,Harris,M,free
14,Theodore,Harris,M,free
49,Chloe,Cuevas,F,paid
49,Chloe,Cuevas,F,paid
49,Chloe,Cuevas,F,paid
49,Chloe,Cuevas,F,paid
49,Chloe,Cuevas,F,paid
78,Chloe,Roth,F,free
80,Tegan,Levine,F,paid
80,Tegan,Levine,F,paid
80,Tegan,Levine,F,paid
80,Tegan,Levine,F,paid
80,Tegan,Levine,F,paid
37,Jordan,Hicks,F,free
37,Jordan,Hicks,F,free
37,Jordan,Hicks,F,free
8,Kaylee,Summers,F,free
8,Kaylee,Summers,F,free
8,Kaylee,Summers,F,free
8,Kaylee,Summers,F,free
8,Kaylee,Summers,F,free
8,Kaylee,Summers,F,free
8,Kaylee,Summers,F,free
10,Sylvie,Cruz,F,free
26,Ryan,Smith,M,free
26,Ryan,Smith,M,free
101,Jayden,Fox,M,free
