songplay_id,start_time,user_id,level,song_id,artist_id,session_id,location,user_agent
,2018-11-26 18:25:34.0,92,free,SONQBUB12A6D4F8ED0,ARFCUN31187B9AD578,938,"Palestine, TX",Mozilla/5.0 (Macintosh; Intel Mac OS X 10.9; rv:31.0) Gecko/20100101 Firefox/31.0
6,2018-11-27 18:09:11.0,49,paid,SOCHRXB12A8AE48069,ARTDQRC1187FB4EFD4,987,"San Francisco-Oakland-Hayward, CA",Mozilla/5.0 (Windows NT 5.1; rv:31.0) Gecko/20100101 Firefox/31.0
8,2018-11-20 17:46:38.0,49,paid,SOCHRXB12A8AE48069,ARTDQRC1187FB4EFD4,758,"San Francisco-Oakland-Hayward, CA",Mozilla/5.0 (Windows NT 5.1; rv:31.0) Gecko/20100101 Firefox/31.0
12,2018-11-29 21:00:03.0,80,paid,SOXQYSC12A6310E908,AR0L04E1187B9AE90C,1065,"Portland-South Portland, ME","""Mozilla/5.0 (Macintosh; Intel Mac OS X 10_9_4) AppleWebKit/537.36 (KHTML, like Gecko) Chrome/36.0.1985.143 Safari/537.36"""
14,2018-11-13 22:39:39.0,55,free,SOXQYSC12A6310E908,AR0L04E1187B9AE90C,415,"Minneapolis-St. Paul-Bloomington, MN-WI","""Mozilla/5.0 (Macintosh; Intel Mac OS X 10_9_4) AppleWebKit/537.78.2 (KHTML, like Gecko) Version/7.0.6 Safari/537.78.2"""
20,2018-11-11 18:53:36.0,16,free,SOKNMJE12A67AE0421,ARPD2KK1187B9B8B98,446,"Birmingham-Hoover, AL","""Mozilla/5.0 (Macintosh; Intel Mac OS X 10_9_4) AppleWebKit/537.77.4 (KHTML, like Gecko) Version/7.0.5 Safari/537.77.4"""
26,2018-11-23 15:29:23.0,53,free,SOARUPP12AB01842E0,ARD46C811C8A414F3F,860,"Klamath Falls, OR","""Mozilla/5.0 (Windows NT 6.1; WOW64) AppleWebKit/537.36 (KHTML, like Gecko) Chrome/37.0.2062.103 Safari/537.36"""
30,2018-11-12 21:22:01.0,12,free,SOARUPP12AB01842E0,ARD46C811C8A414F3F,371,"New York-Newark-Jersey City, NY-NJ-PA",Mozilla/5.0 (Windows NT 6.1; rv:31.0) Gecko/20100101 Firefox/31.0
32,2018-11-04 16:25:54.0,69,free,SOARUPP12AB01842E0,ARD46C811C8A414F3F,235,"Philadelphia-Camden-Wilmington, PA-NJ-DE-MD","""Mozilla/5.0 (Macintosh; Intel Mac OS X 10_9_4) AppleWebKit/537.36 (KHTML, like Gecko) Chrome/36.0.1985.125 Safari/537.36"""
34,2018-11-21 18:29:12.0,97,paid,SOSMXVH12A58A7CA6C,AR6PJ8R1187FB5AD70,817,"Lansing-East Lansing, MI","""Mozilla/5.0 (X11; Linux x86_64) AppleWebKit/537.36 (KHTML, like Gecko) Chrome/37.0.2062.94 Safari/537.36"""
36,2018-11-09 00:12:27.0,42,paid,SOSMXVH12A58A7CA6C,AR6PJ8R1187FB5AD70,275,"New York-Newark-Jersey City, NY-NJ-PA","""Mozilla/5.0 (Windows NT 6.3; WOW64) AppleWebKit/537.36 (KHTML, like Gecko) Chrome/36.0.1985.143 Safari/537.36"""
48,2018-11-19 08:32:12.0,24,paid,SOSMTXQ12A6D4F721D,ARS927Z1187B9ACA29,672,"Lake Havasu City-Kingman, AZ","""Mozilla/5.0 (Windows NT 6.1; WOW64) AppleWebKit/537.36 (KHTML, like Gecko) Chrome/36.0.1985.125 Safari/537.36"""
50,2018-11-15 21:11:36.0,44,paid,SOCNCGL127D9786D66,AREHK7O1187B9ADDD7,619,"Waterloo-Cedar Falls, IA",Mozilla/5.0 (Macintosh; Intel Mac OS X 10.9; rv:31.0) Gecko/20100101 Firefox/31.0
58,2018-11-29 17:55:54.0,82,paid,SOBONKR12A58A7A7E0,AR5E44Z1187B9A1D74,1017,"Atlanta-Sandy Springs-Roswell, GA","""Mozilla/5.0 (Macintosh; Intel Mac OS X 10_9_3) AppleWebKit/537.36 (KHTML, like Gecko) Chrome/37.0.2062.94 Safari/537.36"""
64,2018-11-29 00:40:14.0,24,paid,SOBONKR12A58A7A7E0,AR5E44Z1187B9A1D74,984,"Lake Havasu City-Kingman, AZ","""Mozilla/5.0 (Windows NT 6.1; WOW64) AppleWebKit/537.36 (KHTML, like Gecko) Chrome/36.0.1985.125 Safari/537.36"""
70,2018-11-25 16:14:24.0,49,paid,SOBONKR12A58A7A7E0,AR5E44Z1187B9A1D74,923,"San Francisco-Oakland-Hayward, CA",Mozilla/5.0 (Windows NT 5.1; rv:31.0) Gecko/20100101 Firefox/31.0
78,2018-11-20 20:33:28.0,85,paid,SOBONKR12A58A7A7E0,AR5E44Z1187B9A1D74,776,"Red Bluff, CA","""Mozilla/5.0 (Macintosh; Intel Mac OS X 10_10_0) AppleWebKit/537.36 (KHTML, like Gecko) Chrome/36.0.1985.143 Safari/537.36"""
80,2018-11-21 12:10:49.0,15,paid,SOBONKR12A58A7A7E0,AR5E44Z1187B9A1D74,764,"Chicago-Naperville-Elgin, IL-IN-WI","""Mozilla/5.0 (X11; Linux x86_64) AppleWebKit/537.36 (KHTML, like Gecko) Ubuntu Chromium/36.0.1985.125 Chrome/36.0.1985.125 Safari/537.36"""
84,2018-11-19 06:45:01.0,24,paid,SOBONKR12A58A7A7E0,AR5E44Z1187B9A1D74,672,"Lake Havasu City-Kingman, AZ","""Mozilla/5.0 (Windows NT 6.1; WOW64) AppleWebKit/537.36 (KHTML, like Gecko) Chrome/36.0.1985.125 Safari/537.36"""
88,2018-11-15 15:09:58.0,97,paid,SOBONKR12A58A7A7E0,AR5E44Z1187B9A1D74,605,"Lansing-East Lansing, MI","""Mozilla/5.0 (X11; Linux x86_64) AppleWebKit/537.36 (KHTML, like Gecko) Chrome/37.0.2062.94 Safari/537.36"""
90,2018-11-15 15:03:19.0,97,paid,SOBONKR12A58A7A7E0,AR5E44Z1187B9A1D74,605,"Lansing-East Lansing, MI","""Mozilla/5.0 (X11; Linux x86_64) AppleWebKit/537.36 (KHTML, like Gecko) Chrome/37.0.2062.94 Safari/537.36"""
92,2018-11-15 13:44:58.0,30,paid,SOBONKR12A58A7A7E0,AR5E44Z1187B9A1D74,324,"San Jose-Sunnyvale-Santa Clara, CA",Mozilla/5.0 (Windows NT 6.1; WOW64; rv:31.0) Gecko/20100101 Firefox/31.0
96,2018-11-14 20:36:44.0,101,free,SOBONKR12A58A7A7E0,AR5E44Z1187B9A1D74,603,"New Orleans-Metairie, LA","""Mozilla/5.0 (Windows NT 6.3; WOW64) AppleWebKit/537.36 (KHTML, like Gecko) Chrome/36.0.1985.143 Safari/537.36"""
98,2018-11-14 09:10:49.0,58,paid,SOBONKR12A58A7A7E0,AR5E44Z1187B9A1D74,522,"Augusta-Richmond County, GA-SC","""Mozilla/5.0 (Windows NT 6.3; WOW64) AppleWebKit/537.36 (KHTML, like Gecko) Chrome/36.0.1985.125 Safari/537.36"""
100,2018-11-12 11:45:25.0,26,free,SOBONKR12A58A7A7E0,AR5E44Z1187B9A1D74,491,"San Jose-Sunnyvale-Santa Clara, CA","""Mozilla/5.0 (X11; Linux x86_64) AppleWebKit/537.36 (KHTML, like Gecko) Ubuntu Chromium/36.0.1985.125 Chrome/36.0.1985.125 Safari/537.36"""
102,2018-11-13 18:26:40.0,97,paid,SOBONKR12A58A7A7E0,AR5E44Z1187B9A1D74,537,"Lansing-East Lansing, MI","""Mozilla/5.0 (X11; Linux x86_64) AppleWebKit/537.36 (KHTML, like Gecko) Chrome/37.0.2062.94 Safari/537.36"""
104,2018-11-13 16:55:21.0,29,paid,SOBONKR12A58A7A7E0,AR5E44Z1187B9A1D74,486,"Atlanta-Sandy Springs-Roswell, GA","""Mozilla/5.0 (Macintosh; Intel Mac OS X 10_9_4) AppleWebKit/537.78.2 (KHTML, like Gecko) Version/7.0.6 Safari/537.78.2"""
106,2018-11-13 08:16:36.0,25,paid,SOBONKR12A58A7A7E0,AR5E44Z1187B9A1D74,442,"Marinette, WI-MI","""Mozilla/5.0 (Windows NT 6.3; WOW64) AppleWebKit/537.36 (KHTML, like Gecko) Chrome/36.0.1985.143 Safari/537.36"""
108,2018-11-09 23:20:10.0,25,paid,SOBONKR12A58A7A7E0,AR5E44Z1187B9A1D74,297,"Marinette, WI-MI","""Mozilla/5.0 (Windows NT 6.3; WOW64) AppleWebKit/537.36 (KHTML, like Gecko) Chrome/36.0.1985.143 Safari/537.36"""
110,2018-11-09 22:46:58.0,88,free,SOBONKR12A58A7A7E0,AR5E44Z1187B9A1D74,325,"Sacramento--Roseville--Arden-Arcade, CA","""Mozilla/5.0 (Macintosh; Intel Mac OS X 10_9_4) AppleWebKit/537.36 (KHTML, like Gecko) Chrome/36.0.1985.143 Safari/537.36"""
112,2018-11-07 13:54:52.0,23,free,SOBONKR12A58A7A7E0,AR5E44Z1187B9A1D74,177,"Raleigh, NC","""Mozilla/5.0 (iPhone; CPU iPhone OS 7_1_1 like Mac OS X) AppleWebKit/537.51.2 (KHTML, like Gecko) Version/7.0 Mobile/11D201 Safari/9537.53"""
118,2018-11-02 18:02:42.0,50,free,SOBONKR12A58A7A7E0,AR5E44Z1187B9A1D74,207,"New Haven-Milford, CT","""Mozilla/5.0 (Windows NT 6.3; WOW64) AppleWebKit/537.36 (KHTML, like Gecko) Chrome/36.0.1985.143 Safari/537.36"""
120,2018-11-02 16:35:00.0,50,free,SOBONKR12A58A7A7E0,AR5E44Z1187B9A1D74,156,"New Haven-Milford, CT","""Mozilla/5.0 (Windows NT 6.3; WOW64) AppleWebKit/537.36 (KHTML, like Gecko) Chrome/36.0.1985.143 Safari/537.36"""
122,2018-11-05 15:31:19.0,24,paid,SOBONKR12A58A7A7E0,AR5E44Z1187B9A1D74,23,"Lake Havasu City-Kingman, AZ","""Mozilla/5.0 (Windows NT 6.1; WOW64) AppleWebKit/537.36 (KHTML, like Gecko) Chrome/36.0.1985.125 Safari/537.36"""
124,2018-11-05 11:17:25.0,44,paid,SOBONKR12A58A7A7E0,AR5E44Z1187B9A1D74,269,"Waterloo-Cedar Falls, IA",Mozilla/5.0 (Macintosh; Intel Mac OS X 10.9; rv:31.0) Gecko/20100101 Firefox/31.0
126,2018-11-05 10:18:12.0,42,paid,SOBONKR12A58A7A7E0,AR5E44Z1187B9A1D74,129,"New York-Newark-Jersey City, NY-NJ-PA","""Mozilla/5.0 (Windows NT 6.3; WOW64) AppleWebKit/537.36 (KHTML, like Gecko) Chrome/36.0.1985.143 Safari/537.36"""
128,2018-11-02 18:36:53.0,71,free,SOBBZPM12AB017DF4B,ARH6W4X1187B99274F,70,"Columbia, SC","""Mozilla/5.0 (iPhone; CPU iPhone OS 7_1_1 like Mac OS X) AppleWebKit/537.51.2 (KHTML, like Gecko) Version/7.0 Mobile/11D201 Safari/9537.53"""
130,2018-11-30 16:43:28.0,33,free,SOKSREW12A6D4F926D,ARC4W081187B9ACDBD,1026,"Eugene, OR","""Mozilla/5.0 (Windows NT 6.1; WOW64) AppleWebKit/537.36 (KHTML, like Gecko) Chrome/36.0.1985.125 Safari/537.36"""
134,2018-11-23 15:21:17.0,30,paid,SOQDMXT12A6D4F8255,ART5MUE1187B98C961,691,"San Jose-Sunnyvale-Santa Clara, CA",Mozilla/5.0 (Windows NT 6.1; WOW64; rv:31.0) Gecko/20100101 Firefox/31.0
136,2018-11-08 14:27:08.0,81,free,SOQDMXT12A6D4F8255,ART5MUE1187B98C961,317,"Las Cruces, NM","""Mozilla/5.0 (Windows NT 6.3; WOW64) AppleWebKit/537.36 (KHTML, like Gecko) Chrome/36.0.1985.125 Safari/537.36"""
142,2018-11-15 14:53:43.0,97,paid,SOWEFTO12A3F1EB976,ARPN0Y61187B9ABAA0,605,"Lansing-East Lansing, MI","""Mozilla/5.0 (X11; Linux x86_64) AppleWebKit/537.36 (KHTML, like Gecko) Chrome/37.0.2062.94 Safari/537.36"""
144,2018-11-05 17:54:32.0,97,paid,SOWEFTO12A3F1EB976,ARPN0Y61187B9ABAA0,147,"Lansing-East Lansing, MI","""Mozilla/5.0 (X11; Linux x86_64) AppleWebKit/537.36 (KHTML, like Gecko) Chrome/37.0.2062.94 Safari/537.36"""
148,2018-11-20 11:01:00.0,42,paid,SONZWDK12A6701F62B,ARL4UQB1187B9B74E3,747,"New York-Newark-Jersey City, NY-NJ-PA","""Mozilla/5.0 (Windows NT 6.3; WOW64) AppleWebKit/537.36 (KHTML, like Gecko) Chrome/36.0.1985.143 Safari/537.36"""
152,2018-11-27 18:22:58.0,36,paid,SODFRAX12A8C13274B,ARP29T31187B98DD5F,957,"Janesville-Beloit, WI","""Mozilla/5.0 (Windows NT 5.1) AppleWebKit/537.36 (KHTML, like Gecko) Chrome/36.0.1985.143 Safari/537.36"""
154,2018-11-27 12:19:30.0,24,paid,SOKXJKN12A6D4F86D5,ARVRAUT1187FB39AFB,879,"Lake Havasu City-Kingman, AZ","""Mozilla/5.0 (Windows NT 6.1; WOW64) AppleWebKit/537.36 (KHTML, like Gecko) Chrome/36.0.1985.125 Safari/537.36"""
156,2018-11-21 08:25:43.0,88,paid,SOCHPTV12A6BD53113,ARN8NCB1187FB49652,744,"Sacramento--Roseville--Arden-Arcade, CA","""Mozilla/5.0 (Macintosh; Intel Mac OS X 10_9_4) AppleWebKit/537.36 (KHTML, like Gecko) Chrome/36.0.1985.143 Safari/537.36"""
160,2018-11-24 04:29:50.0,88,paid,SOQIHQO12AB018A35C,AR4JOZD11C8A421F6A,888,"Sacramento--Roseville--Arden-Arcade, CA","""Mozilla/5.0 (Macintosh; Intel Mac OS X 10_9_4) AppleWebKit/537.36 (KHTML, like Gecko) Chrome/36.0.1985.143 Safari/537.36"""
164,2018-11-13 16:45:03.0,97,paid,SOHZDYL12A8C141C73,AR32RXI1187B9BA168,537,"Lansing-East Lansing, MI","""Mozilla/5.0 (X11; Linux x86_64) AppleWebKit/537.36 (KHTML, like Gecko) Chrome/37.0.2062.94 Safari/537.36"""
166,2018-11-05 18:00:37.0,97,paid,SOTUWPH12AB017DEBC,ARGLI7X1187B9930BB,147,"Lansing-East Lansing, MI","""Mozilla/5.0 (X11; Linux x86_64) AppleWebKit/537.36 (KHTML, like Gecko) Chrome/37.0.2062.94 Safari/537.36"""
170,2018-11-04 06:51:12.0,25,paid,SORKKTY12A8C132F3E,ARIH5GU1187FB4C958,128,"Marinette, WI-MI","""Mozilla/5.0 (Windows NT 6.3; WOW64) AppleWebKit/537.36 (KHTML, like Gecko) Chrome/36.0.1985.143 Safari/537.36"""
172,2018-11-20 00:35:56.0,25,paid,SOQTPLM12B0B809575,ARS8GNX1187B9B5141,594,"Marinette, WI-MI","""Mozilla/5.0 (Windows NT 6.3; WOW64) AppleWebKit/537.36 (KHTML, like Gecko) Chrome/36.0.1985.143 Safari/537.36"""
178,2018-11-18 17:17:04.0,29,paid,SOUGLIK12A8C143DF4,ARFNJLY1187FB3E735,589,"Atlanta-Sandy Springs-Roswell, GA","""Mozilla/5.0 (Macintosh; Intel Mac OS X 10_9_4) AppleWebKit/537.78.2 (KHTML, like Gecko) Version/7.0.6 Safari/537.78.2"""
184,2018-11-06 07:36:46.0,66,free,SOTDKGV12AB017E39A,AR8WV031187FB3F903,191,"Harrisburg-Carlisle, PA","""Mozilla/5.0 (Macintosh; Intel Mac OS X 10_9_4) AppleWebKit/537.36 (KHTML, like Gecko) Chrome/36.0.1985.125 Safari/537.36"""
186,2018-11-21 01:05:29.0,97,paid,SORTFPF12A81C2171A,ARY5UO61187FB5271F,671,"Lansing-East Lansing, MI","""Mozilla/5.0 (X11; Linux x86_64) AppleWebKit/537.36 (KHTML, like Gecko) Chrome/37.0.2062.94 Safari/537.36"""
188,2018-11-26 08:28:48.0,97,paid,SOJWLVW12A67ADE81C,AROPXGU1187B98987F,837,"Lansing-East Lansing, MI","""Mozilla/5.0 (X11; Linux x86_64) AppleWebKit/537.36 (KHTML, like Gecko) Chrome/37.0.2062.94 Safari/537.36"""
192,2018-11-07 18:11:11.0,15,paid,SODTRKW12A6D4F9A51,AR71MIY1187B9BA0C3,221,"Chicago-Naperville-Elgin, IL-IN-WI","""Mozilla/5.0 (X11; Linux x86_64) AppleWebKit/537.36 (KHTML, like Gecko) Ubuntu Chromium/36.0.1985.125 Chrome/36.0.1985.125 Safari/537.36"""
194,2018-11-21 15:30:00.0,58,paid,SOIMLDL12A8C14283D,ARAFIWJ1187FB38D33,768,"Augusta-Richmond County, GA-SC","""Mozilla/5.0 (Windows NT 6.3; WOW64) AppleWebKit/537.36 (KHTML, like Gecko) Chrome/36.0.1985.125 Safari/537.36"""
198,2018-11-16 20:13:00.0,49,paid,SOMVLEG12AB017C1D0,ARJKLZN12086C16C46,648,"San Francisco-Oakland-Hayward, CA",Mozilla/5.0 (Windows NT 5.1; rv:31.0) Gecko/20100101 Firefox/31.0
204,2018-11-01 21:11:13.0,8,free,SOEIQUY12AF72A086A,ARHUC691187B9AD27F,139,"Phoenix-Mesa-Scottsdale, AZ","""Mozilla/5.0 (Windows NT 6.1; WOW64) AppleWebKit/537.36 (KHTML, like Gecko) Chrome/35.0.1916.153 Safari/537.36"""
206,2018-11-13 22:27:00.0,95,paid,SOBRSQO12AB017F8E7,ARN5LYA1187FB4594A,411,"Winston-Salem, NC","""Mozilla/5.0 (iPhone; CPU iPhone OS 7_1_2 like Mac OS X) AppleWebKit/537.51.2 (KHTML, like Gecko) Version/7.0 Mobile/11D257 Safari/9537.53"""
208,2018-11-13 08:30:01.0,25,paid,SODWLOQ12AB017EC73,AR4SRB61187FB5538F,442,"Marinette, WI-MI","""Mozilla/5.0 (Windows NT 6.3; WOW64) AppleWebKit/537.36 (KHTML, like Gecko) Chrome/36.0.1985.143 Safari/537.36"""
214,2018-11-29 17:01:34.0,49,paid,SORDWGC12AB01840A3,ARMB0B11187B9AE46C,1041,"San Francisco-Oakland-Hayward, CA",Mozilla/5.0 (Windows NT 5.1; rv:31.0) Gecko/20100101 Firefox/31.0
220,2018-11-28 18:36:57.0,88,paid,SONHWUN12AC468C014,ARJIG5P1187B98D9DE,999,"Sacramento--Roseville--Arden-Arcade, CA","""Mozilla/5.0 (Macintosh; Intel Mac OS X 10_9_4) AppleWebKit/537.36 (KHTML, like Gecko) Chrome/36.0.1985.143 Safari/537.36"""
222,2018-11-25 06:06:17.0,49,paid,SONHWUN12AC468C014,ARJIG5P1187B98D9DE,916,"San Francisco-Oakland-Hayward, CA",Mozilla/5.0 (Windows NT 5.1; rv:31.0) Gecko/20100101 Firefox/31.0
224,2018-11-12 23:05:19.0,80,paid,SONHWUN12AC468C014,ARJIG5P1187B98D9DE,481,"Portland-South Portland, ME","""Mozilla/5.0 (Macintosh; Intel Mac OS X 10_9_4) AppleWebKit/537.36 (KHTML, like Gecko) Chrome/36.0.1985.143 Safari/537.36"""
226,2018-11-18 20:48:21.0,29,paid,SOWGZFG12A8151AF41,ARC8CQZ1187B98DECA,589,"Atlanta-Sandy Springs-Roswell, GA","""Mozilla/5.0 (Macintosh; Intel Mac OS X 10_9_4) AppleWebKit/537.78.2 (KHTML, like Gecko) Version/7.0.6 Safari/537.78.2"""
228,2018-11-14 23:14:07.0,49,paid,SOWGZFG12A8151AF41,ARC8CQZ1187B98DECA,576,"San Francisco-Oakland-Hayward, CA",Mozilla/5.0 (Windows NT 5.1; rv:31.0) Gecko/20100101 Firefox/31.0
230,2018-11-21 23:36:31.0,15,paid,SOISFRK12A6D4F573D,AR2FAMK1187FB4CF60,818,"Chicago-Naperville-Elgin, IL-IN-WI","""Mozilla/5.0 (X11; Linux x86_64) AppleWebKit/537.36 (KHTML, like Gecko) Ubuntu Chromium/36.0.1985.125 Chrome/36.0.1985.125 Safari/537.36"""
236,2018-11-05 14:39:43.0,91,free,SOODHLO12AF72A1980,ARNLVQB1187B9AEAB0,90,"Dallas-Fort Worth-Arlington, TX",Mozilla/5.0 (compatible; MSIE 10.0; Windows NT 6.2; WOW64; Trident/6.0)
238,2018-11-21 19:57:23.0,97,paid,SOOHAFT12A8AE47FC0,AR1W00P1187B9A3A3D,817,"Lansing-East Lansing, MI","""Mozilla/5.0 (X11; Linux x86_64) AppleWebKit/537.36 (KHTML, like Gecko) Chrome/37.0.2062.94 Safari/537.36"""
240,2018-11-21 19:43:54.0,97,paid,SODHOHA12A8C1397F1,ARAFIWJ1187FB38D33,817,"Lansing-East Lansing, MI","""Mozilla/5.0 (X11; Linux x86_64) AppleWebKit/537.36 (KHTML, like Gecko) Chrome/37.0.2062.94 Safari/537.36"""
242,2018-11-22 01:34:51.0,15,paid,SOIQRVH12AF729EE08,AR9IGU51187FB40D6B,818,"Chicago-Naperville-Elgin, IL-IN-WI","""Mozilla/5.0 (X11; Linux x86_64) AppleWebKit/537.36 (KHTML, like Gecko) Ubuntu Chromium/36.0.1985.125 Chrome/36.0.1985.125 Safari/537.36"""
246,2018-11-16 17:18:51.0,36,paid,SOEMXXF12A6D4F932C,ARI4S0E1187B9B06C0,461,"Janesville-Beloit, WI","""Mozilla/5.0 (Windows NT 5.1) AppleWebKit/537.36 (KHTML, like Gecko) Chrome/36.0.1985.143 Safari/537.36"""
250,2018-11-29 17:49:47.0,75,free,SOAOXTT12AB0182E23,AROSIKT1187B9A4D53,721,"Columbia, SC","""Mozilla/5.0 (Macintosh; Intel Mac OS X 10_9_3) AppleWebKit/537.75.14 (KHTML, like Gecko) Version/7.0.3 Safari/537.75.14"""
252,2018-11-15 07:31:55.0,49,paid,SOCUITT12AB0187A32,ARKS2FE1187B99325D,606,"San Francisco-Oakland-Hayward, CA",Mozilla/5.0 (Windows NT 5.1; rv:31.0) Gecko/20100101 Firefox/31.0
254,2018-11-22 17:18:20.0,83,free,SOSJEEG12A6BD5571F,AR8RQVM1187B9A2645,772,"Lubbock, TX","""Mozilla/5.0 (Macintosh; Intel Mac OS X 10_9_4) AppleWebKit/537.36 (KHTML, like Gecko) Chrome/36.0.1985.143 Safari/537.36"""
256,2018-11-14 05:04:27.0,80,paid,SOSLZJM12A58A7CF4E,ARQSM561187FB4A0CF,548,"Portland-South Portland, ME","""Mozilla/5.0 (Macintosh; Intel Mac OS X 10_9_4) AppleWebKit/537.36 (KHTML, like Gecko) Chrome/36.0.1985.143 Safari/537.36"""
260,2018-11-08 10:07:12.0,80,paid,SOIKPOX12A58A7BA0B,ARBNXYA1187FB51C50,342,"Portland-South Portland, ME","""Mozilla/5.0 (Macintosh; Intel Mac OS X 10_9_4) AppleWebKit/537.36 (KHTML, like Gecko) Chrome/36.0.1985.143 Safari/537.36"""
262,2018-11-26 18:34:29.0,92,free,SOZDGSX12A8C139AA7,ARYPTWE1187FB49D64,938,"Palestine, TX",Mozilla/5.0 (Macintosh; Intel Mac OS X 10.9; rv:31.0) Gecko/20100101 Firefox/31.0
264,2018-11-28 07:11:30.0,58,paid,SOTSQDK12AB0184D15,ARPTKAK1187FB5308A,887,"Augusta-Richmond County, GA-SC","""Mozilla/5.0 (Windows NT 6.3; WOW64) AppleWebKit/537.36 (KHTML, like Gecko) Chrome/36.0.1985.125 Safari/537.36"""
268,2018-11-27 18:52:58.0,28,free,SOEKSGJ12A67AE227E,ARQUMH41187B9AF699,270,"Portland-Vancouver-Hillsboro, OR-WA",Mozilla/5.0 (Windows NT 5.1; rv:31.0) Gecko/20100101 Firefox/31.0
270,2018-11-30 17:31:24.0,49,paid,SODVXIB12AF72A37F3,AR3FYKL1187FB44945,1114,"San Francisco-Oakland-Hayward, CA",Mozilla/5.0 (Windows NT 5.1; rv:31.0) Gecko/20100101 Firefox/31.0
272,2018-11-05 17:31:40.0,35,free,SONTFNG12A8C13FF69,AR52EZT1187B9900BF,171,"St. Louis, MO-IL","""Mozilla/5.0 (X11; Linux x86_64) AppleWebKit/537.36 (KHTML, like Gecko) Chrome/37.0.2062.94 Safari/537.36"""
282,2018-11-30 17:25:36.0,49,paid,SOHTKMO12AB01843B0,AR5EYTL1187B98EDA0,1114,"San Francisco-Oakland-Hayward, CA",Mozilla/5.0 (Windows NT 5.1; rv:31.0) Gecko/20100101 Firefox/31.0
286,2018-11-20 15:50:01.0,100,free,SOHTKMO12AB01843B0,AR5EYTL1187B98EDA0,595,"New York-Newark-Jersey City, NY-NJ-PA","""Mozilla/5.0 (Macintosh; Intel Mac OS X 10_9_4) AppleWebKit/537.78.2 (KHTML, like Gecko) Version/7.0.6 Safari/537.78.2"""
288,2018-11-17 17:42:29.0,83,free,SOHTKMO12AB01843B0,AR5EYTL1187B98EDA0,649,"Lubbock, TX","""Mozilla/5.0 (Macintosh; Intel Mac OS X 10_9_4) AppleWebKit/537.36 (KHTML, like Gecko) Chrome/36.0.1985.143 Safari/537.36"""
290,2018-11-14 12:56:28.0,62,free,SOHTKMO12AB01843B0,AR5EYTL1187B98EDA0,476,"Houston-The Woodlands-Sugar Land, TX","""Mozilla/5.0 (Macintosh; Intel Mac OS X 10_10) AppleWebKit/538.46 (KHTML, like Gecko) Version/8.0 Safari/538.46"""
294,2018-11-07 00:43:00.0,97,paid,SOHTKMO12AB01843B0,AR5EYTL1187B98EDA0,293,"Lansing-East Lansing, MI","""Mozilla/5.0 (X11; Linux x86_64) AppleWebKit/537.36 (KHTML, like Gecko) Chrome/37.0.2062.94 Safari/537.36"""
302,2018-11-26 13:55:17.0,72,paid,SOLZOBD12AB0185720,ARPDVPJ1187B9ADBE9,381,"Detroit-Warren-Dearborn, MI",Mozilla/5.0 (Macintosh; Intel Mac OS X 10.9; rv:30.0) Gecko/20100101 Firefox/30.0
304,2018-11-15 11:11:25.0,80,paid,SOLZOBD12AB0185720,ARPDVPJ1187B9ADBE9,611,"Portland-South Portland, ME","""Mozilla/5.0 (Macintosh; Intel Mac OS X 10_9_4) AppleWebKit/537.36 (KHTML, like Gecko) Chrome/36.0.1985.143 Safari/537.36"""
312,2018-11-05 17:31:11.0,73,paid,SOLZOBD12AB0185720,ARPDVPJ1187B9ADBE9,255,"Tampa-St. Petersburg-Clearwater, FL","""Mozilla/5.0 (Macintosh; Intel Mac OS X 10_9_4) AppleWebKit/537.78.2 (KHTML, like Gecko) Version/7.0.6 Safari/537.78.2"""
316,2018-11-29 08:23:09.0,98,free,SOYJPKO12A6D4FDCEA,ARC3KQN1187FB54018,865,"Philadelphia-Camden-Wilmington, PA-NJ-DE-MD","""Mozilla/5.0 (Macintosh; Intel Mac OS X 10_9_4) AppleWebKit/537.36 (KHTML, like Gecko) Chrome/36.0.1985.143 Safari/537.36"""
320,2018-11-05 15:43:22.0,97,paid,SODHZVG12A8C1404DD,ARS5WKC1187B9AC7D1,147,"Lansing-East Lansing, MI","""Mozilla/5.0 (X11; Linux x86_64) AppleWebKit/537.36 (KHTML, like Gecko) Chrome/37.0.2062.94 Safari/537.36"""
324,2018-11-10 20:02:59.0,36,paid,SOFOOFA12A58A7965E,ARQGRMP11E2835E446,439,"Janesville-Beloit, WI","""Mozilla/5.0 (Windows NT 5.1) AppleWebKit/537.36 (KHTML, like Gecko) Chrome/36.0.1985.143 Safari/537.36"""
326,2018-11-28 11:38:11.0,82,paid,SOIZLKI12A6D4F7B61,ARR3ONV1187B9A2F59,140,"Atlanta-Sandy Springs-Roswell, GA","""Mozilla/5.0 (Macintosh; Intel Mac OS X 10_9_3) AppleWebKit/537.36 (KHTML, like Gecko) Chrome/37.0.2062.94 Safari/537.36"""
332,2018-11-08 08:50:49.0,80,paid,SOIZLKI12A6D4F7B61,ARR3ONV1187B9A2F59,342,"Portland-South Portland, ME","""Mozilla/5.0 (Macintosh; Intel Mac OS X 10_9_4) AppleWebKit/537.36 (KHTML, like Gecko) Chrome/36.0.1985.143 Safari/537.36"""
338,2018-11-14 09:11:07.0,16,paid,SOYPWPS12AC4688650,ARCPYBD1187B9A56CE,479,"Birmingham-Hoover, AL","""Mozilla/5.0 (Macintosh; Intel Mac OS X 10_9_4) AppleWebKit/537.77.4 (KHTML, like Gecko) Version/7.0.5 Safari/537.77.4"""
340,2018-11-24 12:30:39.0,67,free,SOSNMJN12A58A7A649,AR3TRNJ1187B9AE8AB,807,"Nashville-Davidson--Murfreesboro--Franklin, TN","""Mozilla/5.0 (Macintosh; Intel Mac OS X 10_9_4) AppleWebKit/537.36 (KHTML, like Gecko) Chrome/36.0.1985.125 Safari/537.36"""
342,2018-11-30 05:57:11.0,49,paid,SOULTKQ12AB018A183,ARKQQZA12086C116FC,1079,"San Francisco-Oakland-Hayward, CA",Mozilla/5.0 (Windows NT 5.1; rv:31.0) Gecko/20100101 Firefox/31.0
346,2018-11-21 09:11:50.0,88,paid,SOULTKQ12AB018A183,ARKQQZA12086C116FC,744,"Sacramento--Roseville--Arden-Arcade, CA","""Mozilla/5.0 (Macintosh; Intel Mac OS X 10_9_4) AppleWebKit/537.36 (KHTML, like Gecko) Chrome/36.0.1985.143 Safari/537.36"""
348,2018-11-20 01:24:48.0,25,paid,SOULTKQ12AB018A183,ARKQQZA12086C116FC,594,"Marinette, WI-MI","""Mozilla/5.0 (Windows NT 6.3; WOW64) AppleWebKit/537.36 (KHTML, like Gecko) Chrome/36.0.1985.143 Safari/537.36"""
352,2018-11-15 11:39:32.0,30,paid,SOULTKQ12AB018A183,ARKQQZA12086C116FC,324,"San Jose-Sunnyvale-Santa Clara, CA",Mozilla/5.0 (Windows NT 6.1; WOW64; rv:31.0) Gecko/20100101 Firefox/31.0
354,2018-11-07 14:34:37.0,15,paid,SOULTKQ12AB018A183,ARKQQZA12086C116FC,221,"Chicago-Naperville-Elgin, IL-IN-WI","""Mozilla/5.0 (X11; Linux x86_64) AppleWebKit/537.36 (KHTML, like Gecko) Ubuntu Chromium/36.0.1985.125 Chrome/36.0.1985.125 Safari/537.36"""
358,2018-11-15 16:04:40.0,32,free,SORTSWB12A58A7DCA3,ARBAW9R1187B98FB6B,554,"New York-Newark-Jersey City, NY-NJ-PA","""Mozilla/5.0 (Windows NT 6.1; WOW64) AppleWebKit/537.36 (KHTML, like Gecko) Chrome/36.0.1985.125 Safari/537.36"""
360,2018-11-20 17:18:31.0,49,paid,SONQWXY12A81C204D7,ARCEXLE1187FB3A93E,758,"San Francisco-Oakland-Hayward, CA",Mozilla/5.0 (Windows NT 5.1; rv:31.0) Gecko/20100101 Firefox/31.0
2,2018-11-24 12:43:00.0,73,paid,SONQBUB12A6D4F8ED0,ARFCUN31187B9AD578,692,"Tampa-St. Petersburg-Clearwater, FL","""Mozilla/5.0 (Macintosh; Intel Mac OS X 10_9_4) AppleWebKit/537.78.2 (KHTML, like Gecko) Version/7.0.6 Safari/537.78.2"""
4,2018-11-16 14:21:12.0,85,paid,SOLRYQR12A670215BF,ARNLO5S1187B9B80CC,436,"Red Bluff, CA","""Mozilla/5.0 (Macintosh; Intel Mac OS X 10_10_0) AppleWebKit/537.36 (KHTML, like Gecko) Chrome/36.0.1985.143 Safari/537.36"""
10,2018-11-11 15:00:37.0,67,free,SOCHRXB12A8AE48069,ARTDQRC1187FB4EFD4,414,"Nashville-Davidson--Murfreesboro--Franklin, TN","""Mozilla/5.0 (Macintosh; Intel Mac OS X 10_9_4) AppleWebKit/537.36 (KHTML, like Gecko) Chrome/36.0.1985.125 Safari/537.36"""
16,2018-11-09 19:57:57.0,36,paid,SODWXQV12A6310F10D,AR6892W1187B9AC71B,392,"Janesville-Beloit, WI","""Mozilla/5.0 (Windows NT 5.1) AppleWebKit/537.36 (KHTML, like Gecko) Chrome/36.0.1985.143 Safari/537.36"""
18,2018-11-26 08:33:59.0,44,paid,SOVWWJW12A670206BE,AR3ZL6A1187B995B37,781,"Waterloo-Cedar Falls, IA",Mozilla/5.0 (Macintosh; Intel Mac OS X 10.9; rv:31.0) Gecko/20100101 Firefox/31.0
22,2018-11-05 17:49:42.0,73,paid,SOHDWWH12A6D4F7F6A,ARC0IOF1187FB3F6E6,255,"Tampa-St. Petersburg-Clearwater, FL","""Mozilla/5.0 (Macintosh; Intel Mac OS X 10_9_4) AppleWebKit/537.78.2 (KHTML, like Gecko) Version/7.0.6 Safari/537.78.2"""
24,2018-11-24 13:55:51.0,95,paid,SOARUPP12AB01842E0,ARD46C811C8A414F3F,564,"Winston-Salem, NC","""Mozilla/5.0 (iPhone; CPU iPhone OS 7_1_2 like Mac OS X) AppleWebKit/537.51.2 (KHTML, like Gecko) Version/7.0 Mobile/11D257 Safari/9537.53"""
28,2018-11-14 15:24:12.0,80,paid,SOARUPP12AB01842E0,ARD46C811C8A414F3F,574,"Portland-South Portland, ME","""Mozilla/5.0 (Macintosh; Intel Mac OS X 10_9_4) AppleWebKit/537.36 (KHTML, like Gecko) Chrome/36.0.1985.143 Safari/537.36"""
38,2018-11-06 16:38:15.0,2,free,SOSMXVH12A58A7CA6C,AR6PJ8R1187FB5AD70,126,"Plymouth, IN","""Mozilla/5.0 (Windows NT 6.1; WOW64) AppleWebKit/537.36 (KHTML, like Gecko) Chrome/36.0.1985.125 Safari/537.36"""
40,2018-11-13 18:39:37.0,15,paid,SOVAEBW12AB0182CE6,AR756JL1187FB3D3A9,417,"Chicago-Naperville-Elgin, IL-IN-WI","""Mozilla/5.0 (X11; Linux x86_64) AppleWebKit/537.36 (KHTML, like Gecko) Ubuntu Chromium/36.0.1985.125 Chrome/36.0.1985.125 Safari/537.36"""
42,2018-11-05 14:43:54.0,44,paid,SOZARNI12A67020744,AR3WLE91187B99430A,269,"Waterloo-Cedar Falls, IA",Mozilla/5.0 (Macintosh; Intel Mac OS X 10.9; rv:31.0) Gecko/20100101 Firefox/31.0
44,2018-11-15 10:44:29.0,80,paid,SOSDZFY12A8C143718,AR748W61187B9B6AB8,611,"Portland-South Portland, ME","""Mozilla/5.0 (Macintosh; Intel Mac OS X 10_9_4) AppleWebKit/537.36 (KHTML, like Gecko) Chrome/36.0.1985.143 Safari/537.36"""
46,2018-11-21 21:17:19.0,49,paid,SOSYMSX12A6310DFE2,ARH6W4X1187B99274F,816,"San Francisco-Oakland-Hayward, CA",Mozilla/5.0 (Windows NT 5.1; rv:31.0) Gecko/20100101 Firefox/31.0
52,2018-11-05 10:41:02.0,42,paid,SOCNCGL127D9786D66,AREHK7O1187B9ADDD7,129,"New York-Newark-Jersey City, NY-NJ-PA","""Mozilla/5.0 (Windows NT 6.3; WOW64) AppleWebKit/537.36 (KHTML, like Gecko) Chrome/36.0.1985.143 Safari/537.36"""
54,2018-11-30 16:51:42.0,16,paid,SOBONKR12A58A7A7E0,AR5E44Z1187B9A1D74,1076,"Birmingham-Hoover, AL","""Mozilla/5.0 (Macintosh; Intel Mac OS X 10_9_4) AppleWebKit/537.77.4 (KHTML, like Gecko) Version/7.0.5 Safari/537.77.4"""
56,2018-11-30 13:52:37.0,49,paid,SOBONKR12A58A7A7E0,AR5E44Z1187B9A1D74,1096,"San Francisco-Oakland-Hayward, CA",Mozilla/5.0 (Windows NT 5.1; rv:31.0) Gecko/20100101 Firefox/31.0
60,2018-11-29 16:18:25.0,49,paid,SOBONKR12A58A7A7E0,AR5E44Z1187B9A1D74,1041,"San Francisco-Oakland-Hayward, CA",Mozilla/5.0 (Windows NT 5.1; rv:31.0) Gecko/20100101 Firefox/31.0
62,2018-11-29 16:09:24.0,49,paid,SOBONKR12A58A7A7E0,AR5E44Z1187B9A1D74,1041,"San Francisco-Oakland-Hayward, CA",Mozilla/5.0 (Windows NT 5.1; rv:31.0) Gecko/20100101 Firefox/31.0
66,2018-11-28 22:56:08.0,73,paid,SOBONKR12A58A7A7E0,AR5E44Z1187B9A1D74,954,"Tampa-St. Petersburg-Clearwater, FL","""Mozilla/5.0 (Macintosh; Intel Mac OS X 10_9_4) AppleWebKit/537.78.2 (KHTML, like Gecko) Version/7.0.6 Safari/537.78.2"""
68,2018-11-28 22:32:42.0,73,paid,SOBONKR12A58A7A7E0,AR5E44Z1187B9A1D74,954,"Tampa-St. Petersburg-Clearwater, FL","""Mozilla/5.0 (Macintosh; Intel Mac OS X 10_9_4) AppleWebKit/537.78.2 (KHTML, like Gecko) Version/7.0.6 Safari/537.78.2"""
72,2018-11-24 05:04:53.0,88,paid,SOBONKR12A58A7A7E0,AR5E44Z1187B9A1D74,888,"Sacramento--Roseville--Arden-Arcade, CA","""Mozilla/5.0 (Macintosh; Intel Mac OS X 10_9_4) AppleWebKit/537.36 (KHTML, like Gecko) Chrome/36.0.1985.143 Safari/537.36"""
74,2018-11-23 06:15:22.0,6,free,SOBONKR12A58A7A7E0,AR5E44Z1187B9A1D74,847,"Atlanta-Sandy Springs-Roswell, GA",Mozilla/5.0 (Windows NT 6.1; WOW64; rv:32.0) Gecko/20100101 Firefox/32.0
76,2018-11-22 01:59:04.0,15,paid,SOBONKR12A58A7A7E0,AR5E44Z1187B9A1D74,818,"Chicago-Naperville-Elgin, IL-IN-WI","""Mozilla/5.0 (X11; Linux x86_64) AppleWebKit/537.36 (KHTML, like Gecko) Ubuntu Chromium/36.0.1985.125 Chrome/36.0.1985.125 Safari/537.36"""
82,2018-11-21 09:36:21.0,15,paid,SOBONKR12A58A7A7E0,AR5E44Z1187B9A1D74,764,"Chicago-Naperville-Elgin, IL-IN-WI","""Mozilla/5.0 (X11; Linux x86_64) AppleWebKit/537.36 (KHTML, like Gecko) Ubuntu Chromium/36.0.1985.125 Chrome/36.0.1985.125 Safari/537.36"""
86,2018-11-15 19:06:33.0,97,paid,SOBONKR12A58A7A7E0,AR5E44Z1187B9A1D74,605,"Lansing-East Lansing, MI","""Mozilla/5.0 (X11; Linux x86_64) AppleWebKit/537.36 (KHTML, like Gecko) Chrome/37.0.2062.94 Safari/537.36"""
94,2018-11-15 10:52:20.0,80,paid,SOBONKR12A58A7A7E0,AR5E44Z1187B9A1D74,611,"Portland-South Portland, ME","""Mozilla/5.0 (Macintosh; Intel Mac OS X 10_9_4) AppleWebKit/537.36 (KHTML, like Gecko) Chrome/36.0.1985.143 Safari/537.36"""
114,2018-11-05 16:04:05.0,97,paid,SOBONKR12A58A7A7E0,AR5E44Z1187B9A1D74,147,"Lansing-East Lansing, MI","""Mozilla/5.0 (X11; Linux x86_64) AppleWebKit/537.36 (KHTML, like Gecko) Chrome/37.0.2062.94 Safari/537.36"""
116,2018-11-04 15:39:36.0,78,free,SOBONKR12A58A7A7E0,AR5E44Z1187B9A1D74,176,"Indianapolis-Carmel-Anderson, IN",Mozilla/5.0 (Windows NT 6.1; rv:31.0) Gecko/20100101 Firefox/31.0
132,2018-11-23 18:11:01.0,86,free,SOQDMXT12A6D4F8255,ART5MUE1187B98C961,869,"La Crosse-Onalaska, WI-MN","""Mozilla/5.0 (Macintosh; Intel Mac OS X 10_9_4) AppleWebKit/537.36 (KHTML, like Gecko) Chrome/37.0.2062.94 Safari/537.36"""
138,2018-11-19 06:30:08.0,80,paid,SOYDHXP12AB01849D4,AR73S4G1187B9A03C2,666,"Portland-South Portland, ME","""Mozilla/5.0 (Macintosh; Intel Mac OS X 10_9_4) AppleWebKit/537.36 (KHTML, like Gecko) Chrome/36.0.1985.143 Safari/537.36"""
140,2018-11-13 20:20:44.0,29,paid,SOKUAEP12A8C13BE19,ARLLWJQ1187B9B06A7,556,"Atlanta-Sandy Springs-Roswell, GA","""Mozilla/5.0 (Macintosh; Intel Mac OS X 10_9_4) AppleWebKit/537.78.2 (KHTML, like Gecko) Version/7.0.6 Safari/537.78.2"""
146,2018-11-21 20:04:04.0,97,paid,SOXTMWU12AB0185E3B,ARB3YNF1187B992AF0,817,"Lansing-East Lansing, MI","""Mozilla/5.0 (X11; Linux x86_64) AppleWebKit/537.36 (KHTML, like Gecko) Chrome/37.0.2062.94 Safari/537.36"""
150,2018-11-15 12:58:38.0,30,paid,SONZWDK12A6701F62B,ARL4UQB1187B9B74E3,324,"San Jose-Sunnyvale-Santa Clara, CA",Mozilla/5.0 (Windows NT 6.1; WOW64; rv:31.0) Gecko/20100101 Firefox/31.0
158,2018-11-10 09:29:42.0,44,paid,SOWLLXC12AB0180FFE,AR66PLO1187FB4C8E5,350,"Waterloo-Cedar Falls, IA",Mozilla/5.0 (Macintosh; Intel Mac OS X 10.9; rv:31.0) Gecko/20100101 Firefox/31.0
162,2018-11-15 13:17:04.0,30,paid,SOYUKXG12A58A77837,ARZNLRE1187B99B6C3,324,"San Jose-Sunnyvale-Santa Clara, CA",Mozilla/5.0 (Windows NT 6.1; WOW64; rv:31.0) Gecko/20100101 Firefox/31.0
168,2018-11-28 08:09:40.0,58,paid,SOEHGER12A8AE47DB2,ART7Q0O1187B9A79FA,887,"Augusta-Richmond County, GA-SC","""Mozilla/5.0 (Windows NT 6.3; WOW64) AppleWebKit/537.36 (KHTML, like Gecko) Chrome/36.0.1985.125 Safari/537.36"""
174,2018-11-07 15:16:17.0,2,free,SOTJEIC12A8C139054,AR0OTEX1187FB3600D,323,"Plymouth, IN","""Mozilla/5.0 (Windows NT 6.1; WOW64) AppleWebKit/537.36 (KHTML, like Gecko) Chrome/36.0.1985.125 Safari/537.36"""
176,2018-11-06 20:59:02.0,97,paid,SOSCHDW12A8C130FD7,AR40GSU1187FB3AA01,293,"Lansing-East Lansing, MI","""Mozilla/5.0 (X11; Linux x86_64) AppleWebKit/537.36 (KHTML, like Gecko) Chrome/37.0.2062.94 Safari/537.36"""
180,2018-11-21 20:50:20.0,49,paid,SOLIQUE12A58A78306,AR1RMYB1187FB5A59E,816,"San Francisco-Oakland-Hayward, CA",Mozilla/5.0 (Windows NT 5.1; rv:31.0) Gecko/20100101 Firefox/31.0
182,2018-11-09 17:35:10.0,80,paid,SOOUXUD12AB0188D97,ARWKFPM1187FB4E712,416,"Portland-South Portland, ME","""Mozilla/5.0 (Macintosh; Intel Mac OS X 10_9_4) AppleWebKit/537.36 (KHTML, like Gecko) Chrome/36.0.1985.143 Safari/537.36"""
190,2018-11-26 08:32:17.0,97,paid,SOAYHDS12AB018016A,ARVL9VD1187B9AE186,837,"Lansing-East Lansing, MI","""Mozilla/5.0 (X11; Linux x86_64) AppleWebKit/537.36 (KHTML, like Gecko) Chrome/37.0.2062.94 Safari/537.36"""
196,2018-11-11 20:08:52.0,80,paid,SOBNYLJ12AB0189934,AREIK8S1187B9A6071,435,"Portland-South Portland, ME","""Mozilla/5.0 (Macintosh; Intel Mac OS X 10_9_4) AppleWebKit/537.36 (KHTML, like Gecko) Chrome/36.0.1985.143 Safari/537.36"""
200,2018-11-09 14:50:53.0,15,paid,SOKMBHF12A58A7ACE4,ARQEL841187FB52D01,362,"Chicago-Naperville-Elgin, IL-IN-WI","""Mozilla/5.0 (X11; Linux x86_64) AppleWebKit/537.36 (KHTML, like Gecko) Ubuntu Chromium/36.0.1985.125 Chrome/36.0.1985.125 Safari/537.36"""
202,2018-11-19 16:26:36.0,24,paid,SORKDUM12A6D4FA813,ARYKVZI1187B9AE8A9,723,"Lake Havasu City-Kingman, AZ","""Mozilla/5.0 (Windows NT 6.1; WOW64) AppleWebKit/537.36 (KHTML, like Gecko) Chrome/36.0.1985.125 Safari/537.36"""
210,2018-11-05 17:54:12.0,25,paid,SOKOGIP12AB0182FCD,AROS1ML1187FB4CF35,231,"Marinette, WI-MI","""Mozilla/5.0 (Windows NT 6.3; WOW64) AppleWebKit/537.36 (KHTML, like Gecko) Chrome/36.0.1985.143 Safari/537.36"""
212,2018-11-09 19:35:24.0,36,paid,SOBJUKG12A58A7DCA8,AR9W3X91187FB3994C,392,"Janesville-Beloit, WI","""Mozilla/5.0 (Windows NT 5.1) AppleWebKit/537.36 (KHTML, like Gecko) Chrome/36.0.1985.143 Safari/537.36"""
216,2018-11-30 14:42:01.0,85,paid,SOPPSDA12AF72A3D97,ARDAF601187FB4CD05,977,"Red Bluff, CA","""Mozilla/5.0 (Macintosh; Intel Mac OS X 10_10_0) AppleWebKit/537.36 (KHTML, like Gecko) Chrome/36.0.1985.143 Safari/537.36"""
218,2018-11-05 16:15:10.0,73,paid,SOPPSDA12AF72A3D97,ARDAF601187FB4CD05,255,"Tampa-St. Petersburg-Clearwater, FL","""Mozilla/5.0 (Macintosh; Intel Mac OS X 10_9_4) AppleWebKit/537.78.2 (KHTML, like Gecko) Version/7.0.6 Safari/537.78.2"""
232,2018-11-26 13:17:42.0,88,paid,SOHMNPP12A58A7AE4B,ARKZ13R1187FB54FEE,900,"Sacramento--Roseville--Arden-Arcade, CA","""Mozilla/5.0 (Macintosh; Intel Mac OS X 10_9_4) AppleWebKit/537.36 (KHTML, like Gecko) Chrome/36.0.1985.143 Safari/537.36"""
234,2018-11-05 01:58:24.0,44,paid,SOHMNPP12A58A7AE4B,ARKZ13R1187FB54FEE,237,"Waterloo-Cedar Falls, IA",Mozilla/5.0 (Macintosh; Intel Mac OS X 10.9; rv:31.0) Gecko/20100101 Firefox/31.0
244,2018-11-30 04:57:03.0,49,paid,SOEMXXF12A6D4F932C,ARI4S0E1187B9B06C0,1079,"San Francisco-Oakland-Hayward, CA",Mozilla/5.0 (Windows NT 5.1; rv:31.0) Gecko/20100101 Firefox/31.0
248,2018-11-20 07:01:13.0,15,paid,SOSDYAS12AB0180457,ARA3I0J1187FB57869,716,"Chicago-Naperville-Elgin, IL-IN-WI","""Mozilla/5.0 (X11; Linux x86_64) AppleWebKit/537.36 (KHTML, like Gecko) Ubuntu Chromium/36.0.1985.125 Chrome/36.0.1985.125 Safari/537.36"""
258,2018-11-24 17:14:29.0,29,paid,SOHKKXU12A67ADA08F,ARMRCET1187FB52049,898,"Atlanta-Sandy Springs-Roswell, GA","""Mozilla/5.0 (Macintosh; Intel Mac OS X 10_9_4) AppleWebKit/537.78.2 (KHTML, like Gecko) Version/7.0.6 Safari/537.78.2"""
266,2018-11-28 18:48:55.0,24,paid,SOZQSGL12AF72A9145,AR050VJ1187B9B13A7,984,"Lake Havasu City-Kingman, AZ","""Mozilla/5.0 (Windows NT 6.1; WOW64) AppleWebKit/537.36 (KHTML, like Gecko) Chrome/36.0.1985.125 Safari/537.36"""
274,2018-11-05 04:47:26.0,69,free,SONTFNG12A8C13FF69,AR52EZT1187B9900BF,259,"Philadelphia-Camden-Wilmington, PA-NJ-DE-MD","""Mozilla/5.0 (Macintosh; Intel Mac OS X 10_9_4) AppleWebKit/537.36 (KHTML, like Gecko) Chrome/36.0.1985.125 Safari/537.36"""
276,2018-11-05 02:30:17.0,44,paid,SONTFNG12A8C13FF69,AR52EZT1187B9900BF,237,"Waterloo-Cedar Falls, IA",Mozilla/5.0 (Macintosh; Intel Mac OS X 10.9; rv:31.0) Gecko/20100101 Firefox/31.0
278,2018-11-26 12:38:58.0,88,paid,SOHIBSG12A8C13E741,ART5MUE1187B98C961,900,"Sacramento--Roseville--Arden-Arcade, CA","""Mozilla/5.0 (Macintosh; Intel Mac OS X 10_9_4) AppleWebKit/537.36 (KHTML, like Gecko) Chrome/36.0.1985.143 Safari/537.36"""
280,2018-11-24 11:19:06.0,80,paid,SOAIUDT12AF729F399,AR87P0Q1187B989ADF,903,"Portland-South Portland, ME","""Mozilla/5.0 (Macintosh; Intel Mac OS X 10_9_4) AppleWebKit/537.36 (KHTML, like Gecko) Chrome/36.0.1985.143 Safari/537.36"""
284,2018-11-23 16:32:34.0,88,paid,SOHTKMO12AB01843B0,AR5EYTL1187B98EDA0,812,"Sacramento--Roseville--Arden-Arcade, CA","""Mozilla/5.0 (Macintosh; Intel Mac OS X 10_9_4) AppleWebKit/537.36 (KHTML, like Gecko) Chrome/36.0.1985.143 Safari/537.36"""
292,2018-11-09 11:44:35.0,95,paid,SOHTKMO12AB01843B0,AR5EYTL1187B98EDA0,276,"Winston-Salem, NC","""Mozilla/5.0 (iPhone; CPU iPhone OS 7_1_2 like Mac OS X) AppleWebKit/537.51.2 (KHTML, like Gecko) Version/7.0 Mobile/11D257 Safari/9537.53"""
296,2018-11-02 17:31:45.0,10,free,SOHTKMO12AB01843B0,AR5EYTL1187B98EDA0,182,"Washington-Arlington-Alexandria, DC-VA-MD-WV","""Mozilla/5.0 (Macintosh; Intel Mac OS X 10_9_4) AppleWebKit/537.77.4 (KHTML, like Gecko) Version/7.0.5 Safari/537.77.4"""
298,2018-11-03 17:59:01.0,15,paid,SOHTKMO12AB01843B0,AR5EYTL1187B98EDA0,199,"Chicago-Naperville-Elgin, IL-IN-WI","""Mozilla/5.0 (X11; Linux x86_64) AppleWebKit/537.36 (KHTML, like Gecko) Ubuntu Chromium/36.0.1985.125 Chrome/36.0.1985.125 Safari/537.36"""
300,2018-11-04 09:41:55.0,44,paid,SOAFQGA12A8C1367FA,AR0IVTL1187B9AD520,196,"Waterloo-Cedar Falls, IA",Mozilla/5.0 (Macintosh; Intel Mac OS X 10.9; rv:31.0) Gecko/20100101 Firefox/31.0
306,2018-11-08 07:41:08.0,80,paid,SOLZOBD12AB0185720,ARPDVPJ1187B9ADBE9,342,"Portland-South Portland, ME","""Mozilla/5.0 (Macintosh; Intel Mac OS X 10_9_4) AppleWebKit/537.36 (KHTML, like Gecko) Chrome/36.0.1985.143 Safari/537.36"""
308,2018-11-09 18:01:28.0,50,free,SOLZOBD12AB0185720,ARPDVPJ1187B9ADBE9,360,"New Haven-Milford, CT","""Mozilla/5.0 (Windows NT 6.3; WOW64) AppleWebKit/537.36 (KHTML, like Gecko) Chrome/36.0.1985.143 Safari/537.36"""
310,2018-11-05 18:13:57.0,73,paid,SOLZOBD12AB0185720,ARPDVPJ1187B9ADBE9,255,"Tampa-St. Petersburg-Clearwater, FL","""Mozilla/5.0 (Macintosh; Intel Mac OS X 10_9_4) AppleWebKit/537.78.2 (KHTML, like Gecko) Version/7.0.6 Safari/537.78.2"""
314,2018-11-21 19:31:14.0,49,paid,SOECLAD12AAF3B120A,ARZENOX1187B98A645,816,"San Francisco-Oakland-Hayward, CA",Mozilla/5.0 (Windows NT 5.1; rv:31.0) Gecko/20100101 Firefox/31.0
318,2018-11-24 05:13:28.0,88,paid,SOGPESA12AB0180D65,AR1K7TQ11C8A414EC8,888,"Sacramento--Roseville--Arden-Arcade, CA","""Mozilla/5.0 (Macintosh; Intel Mac OS X 10_9_4) AppleWebKit/537.36 (KHTML, like Gecko) Chrome/36.0.1985.143 Safari/537.36"""
322,2018-11-07 05:32:06.0,50,free,SOXQUPO12A6D4FC2B6,AR79C1C1187FB4C482,313,"New Haven-Milford, CT","""Mozilla/5.0 (Windows NT 6.3; WOW64) AppleWebKit/537.36 (KHTML, like Gecko) Chrome/36.0.1985.143 Safari/537.36"""
328,2018-11-10 09:43:31.0,44,paid,SOIZLKI12A6D4F7B61,ARR3ONV1187B9A2F59,350,"Waterloo-Cedar Falls, IA",Mozilla/5.0 (Macintosh; Intel Mac OS X 10.9; rv:31.0) Gecko/20100101 Firefox/31.0
330,2018-11-08 14:58:28.0,29,paid,SOIZLKI12A6D4F7B61,ARR3ONV1187B9A2F59,372,"Atlanta-Sandy Springs-Roswell, GA","""Mozilla/5.0 (Macintosh; Intel Mac OS X 10_9_4) AppleWebKit/537.78.2 (KHTML, like Gecko) Version/7.0.6 Safari/537.78.2"""
334,2018-11-15 16:40:02.0,49,paid,SOLQSYZ12A58A7919B,ARQSM561187FB4A0CF,621,"San Francisco-Oakland-Hayward, CA",Mozilla/5.0 (Windows NT 5.1; rv:31.0) Gecko/20100101 Firefox/31.0
336,2018-11-22 13:21:21.0,63,free,SOLWQQJ12A8C13A2BD,ARDOL0J1187B9AC52A,785,"Santa Rosa, CA","""Mozilla/5.0 (Macintosh; Intel Mac OS X 10_9_4) AppleWebKit/537.77.4 (KHTML, like Gecko) Version/7.0.5 Safari/537.77.4"""
344,2018-11-28 17:05:20.0,80,paid,SOULTKQ12AB018A183,ARKQQZA12086C116FC,1004,"Portland-South Portland, ME","""Mozilla/5.0 (Macintosh; Intel Mac OS X 10_9_4) AppleWebKit/537.36 (KHTML, like Gecko) Chrome/36.0.1985.143 Safari/537.36"""
350,2018-11-17 16:42:29.0,73,paid,SOULTKQ12AB018A183,ARKQQZA12086C116FC,518,"Tampa-St. Petersburg-Clearwater, FL","""Mozilla/5.0 (Macintosh; Intel Mac OS X 10_9_4) AppleWebKit/537.78.2 (KHTML, like Gecko) Version/7.0.6 Safari/537.78.2"""
356,2018-11-04 19:35:15.0,73,paid,SOULTKQ12AB018A183,ARKQQZA12086C116FC,72,"Tampa-St. Petersburg-Clearwater, FL","""Mozilla/5.0 (Macintosh; Intel Mac OS X 10_9_4) AppleWebKit/537.78.2 (KHTML, like Gecko) Version/7.0.6 Safari/537.78.2"""
370,2018-11-21 04:20:28.0,97,paid,SOMEFTJ12A6D4F8CAC,AR7S2271187FB38B1F,797,"Lansing-East Lansing, MI","""Mozilla/5.0 (X11; Linux x86_64) AppleWebKit/537.36 (KHTML, like Gecko) Chrome/37.0.2062.94 Safari/537.36"""
372,2018-11-29 11:03:31.0,78,free,SOROSRY12A6D4F7B64,AR0WBBL1187FB4677D,931,"Indianapolis-Carmel-Anderson, IN",Mozilla/5.0 (Windows NT 6.1; rv:31.0) Gecko/20100101 Firefox/31.0
374,2018-11-26 07:38:37.0,44,paid,SOSJVCA12A8C139501,AR7SPB81187B9A068F,781,"Waterloo-Cedar Falls, IA",Mozilla/5.0 (Macintosh; Intel Mac OS X 10.9; rv:31.0) Gecko/20100101 Firefox/31.0
376,2018-11-05 11:08:56.0,95,paid,SOQYHVZ12A6D4F93CF,ARRZUPG11F43A69EF7,222,"Winston-Salem, NC","""Mozilla/5.0 (iPhone; CPU iPhone OS 7_1_2 like Mac OS X) AppleWebKit/537.51.2 (KHTML, like Gecko) Version/7.0 Mobile/11D257 Safari/9537.53"""
378,2018-11-13 11:46:10.0,50,free,SOBJDDA12A6BD53159,ARCS4GZ1187FB469EB,430,"New Haven-Milford, CT","""Mozilla/5.0 (Windows NT 6.3; WOW64) AppleWebKit/537.36 (KHTML, like Gecko) Chrome/36.0.1985.143 Safari/537.36"""
5,2018-11-26 15:33:56.0,72,paid,SODOLVO12B0B80B2F4,AR6XPWV1187B9ADAEB,381,"Detroit-Warren-Dearborn, MI",Mozilla/5.0 (Macintosh; Intel Mac OS X 10.9; rv:30.0) Gecko/20100101 Firefox/30.0
7,2018-11-08 15:01:57.0,29,paid,SOFVOQL12A6D4F7456,ARPN0Y61187B9ABAA0,372,"Atlanta-Sandy Springs-Roswell, GA","""Mozilla/5.0 (Macintosh; Intel Mac OS X 10_9_4) AppleWebKit/537.78.2 (KHTML, like Gecko) Version/7.0.6 Safari/537.78.2"""
9,2018-11-03 21:14:28.0,49,free,SOFVOQL12A6D4F7456,ARPN0Y61187B9ABAA0,195,"San Francisco-Oakland-Hayward, CA",Mozilla/5.0 (Windows NT 5.1; rv:31.0) Gecko/20100101 Firefox/31.0
15,2018-11-21 01:48:56.0,97,paid,SOJNJGQ12A6D4F62BC,ARMYDZ21187B9A550C,671,"Lansing-East Lansing, MI","""Mozilla/5.0 (X11; Linux x86_64) AppleWebKit/537.36 (KHTML, like Gecko) Chrome/37.0.2062.94 Safari/537.36"""
19,2018-11-16 16:27:21.0,90,free,SOMUJKC12AB01865AD,AR9RYZP1187FB36C6A,148,"Pensacola-Ferry Pass-Brent, FL",Mozilla/5.0 (X11; Linux x86_64; rv:31.0) Gecko/20100101 Firefox/31.0
23,2018-11-14 15:14:54.0,25,paid,SOVXAXI12A8C1383D9,ARY65231187FB46283,534,"Marinette, WI-MI","""Mozilla/5.0 (Windows NT 6.3; WOW64) AppleWebKit/537.36 (KHTML, like Gecko) Chrome/36.0.1985.143 Safari/537.36"""
25,2018-11-21 03:12:22.0,80,paid,SOMULQH12A8C138213,ARENWML1187B99ECB6,774,"Portland-South Portland, ME","""Mozilla/5.0 (Macintosh; Intel Mac OS X 10_9_4) AppleWebKit/537.36 (KHTML, like Gecko) Chrome/36.0.1985.143 Safari/537.36"""
27,2018-11-04 07:31:31.0,25,paid,SOHWVJJ12AB0185F6D,ARASYMJ1187B9ACAF2,128,"Marinette, WI-MI","""Mozilla/5.0 (Windows NT 6.3; WOW64) AppleWebKit/537.36 (KHTML, like Gecko) Chrome/36.0.1985.143 Safari/537.36"""
29,2018-11-26 13:31:57.0,36,paid,SOVPSWY12A58A7B83F,ARF91NB1187B98BDB8,808,"Janesville-Beloit, WI","""Mozilla/5.0 (Windows NT 5.1) AppleWebKit/537.36 (KHTML, like Gecko) Chrome/36.0.1985.143 Safari/537.36"""
33,2018-11-07 01:42:43.0,8,free,SOWTZNU12AB017EADB,AR6NYHH1187B9BA128,181,"Phoenix-Mesa-Scottsdale, AZ","""Mozilla/5.0 (Windows NT 6.1; WOW64) AppleWebKit/537.36 (KHTML, like Gecko) Chrome/35.0.1916.153 Safari/537.36"""
35,2018-11-26 15:37:14.0,88,paid,SOARTQC12A58A77F0C,ARCE0IX1187FB528B4,900,"Sacramento--Roseville--Arden-Arcade, CA","""Mozilla/5.0 (Macintosh; Intel Mac OS X 10_9_4) AppleWebKit/537.36 (KHTML, like Gecko) Chrome/36.0.1985.143 Safari/537.36"""
37,2018-11-23 20:29:46.0,85,paid,SOXDKAG12A6D4FA94A,ARD92TH1187FB57ACD,891,"Red Bluff, CA","""Mozilla/5.0 (Macintosh; Intel Mac OS X 10_10_0) AppleWebKit/537.36 (KHTML, like Gecko) Chrome/36.0.1985.143 Safari/537.36"""
39,2018-11-07 07:58:28.0,100,free,SODTPBM12A8C1339D7,AR4OH581187B9B7157,301,"New York-Newark-Jersey City, NY-NJ-PA","""Mozilla/5.0 (Macintosh; Intel Mac OS X 10_9_4) AppleWebKit/537.78.2 (KHTML, like Gecko) Version/7.0.6 Safari/537.78.2"""
47,2018-11-21 09:48:58.0,88,paid,SOTNHIP12AB0183131,ARD46C811C8A414F3F,744,"Sacramento--Roseville--Arden-Arcade, CA","""Mozilla/5.0 (Macintosh; Intel Mac OS X 10_9_4) AppleWebKit/537.36 (KHTML, like Gecko) Chrome/36.0.1985.143 Safari/537.36"""
57,2018-11-14 06:19:41.0,80,paid,SOACRBY12AB017C757,ARVGCRM11F50C496F4,548,"Portland-South Portland, ME","""Mozilla/5.0 (Macintosh; Intel Mac OS X 10_9_4) AppleWebKit/537.36 (KHTML, like Gecko) Chrome/36.0.1985.143 Safari/537.36"""
59,2018-11-19 07:37:44.0,24,paid,SOAUKIS12A58A7F424,ARMNFB41187B9AD2DC,672,"Lake Havasu City-Kingman, AZ","""Mozilla/5.0 (Windows NT 6.1; WOW64) AppleWebKit/537.36 (KHTML, like Gecko) Chrome/36.0.1985.125 Safari/537.36"""
63,2018-11-17 14:48:49.0,73,paid,SODLAPJ12A8C142002,ARS4WS71187FB3F6AB,518,"Tampa-St. Petersburg-Clearwater, FL","""Mozilla/5.0 (Macintosh; Intel Mac OS X 10_9_4) AppleWebKit/537.78.2 (KHTML, like Gecko) Version/7.0.6 Safari/537.78.2"""
67,2018-11-14 17:48:54.0,80,paid,SOTJXIH12A6D228208,ARG85O51187B99CC1D,574,"Portland-South Portland, ME","""Mozilla/5.0 (Macintosh; Intel Mac OS X 10_9_4) AppleWebKit/537.36 (KHTML, like Gecko) Chrome/36.0.1985.143 Safari/537.36"""
73,2018-11-29 20:21:41.0,49,paid,SOABIXP12A8C135F75,AR15DJQ1187FB5910C,1041,"San Francisco-Oakland-Hayward, CA",Mozilla/5.0 (Windows NT 5.1; rv:31.0) Gecko/20100101 Firefox/31.0
81,2018-11-27 18:04:57.0,49,paid,SOHGMJH12AB0187130,ARDQ9AP1187B9BA3F6,987,"San Francisco-Oakland-Hayward, CA",Mozilla/5.0 (Windows NT 5.1; rv:31.0) Gecko/20100101 Firefox/31.0
83,2018-11-22 13:21:20.0,101,free,SOUHTWB12A8C13BA4D,AR96LYR1187B9ABABD,790,"New Orleans-Metairie, LA","""Mozilla/5.0 (Windows NT 6.3; WOW64) AppleWebKit/537.36 (KHTML, like Gecko) Chrome/36.0.1985.143 Safari/537.36"""
85,2018-11-30 12:39:36.0,49,paid,SOUNZHU12A8AE47481,AR37SX11187FB3E164,1096,"San Francisco-Oakland-Hayward, CA",Mozilla/5.0 (Windows NT 5.1; rv:31.0) Gecko/20100101 Firefox/31.0
87,2018-11-29 17:41:54.0,49,paid,SOUNZHU12A8AE47481,AR37SX11187FB3E164,1041,"San Francisco-Oakland-Hayward, CA",Mozilla/5.0 (Windows NT 5.1; rv:31.0) Gecko/20100101 Firefox/31.0
89,2018-11-28 13:45:00.0,97,paid,SOUNZHU12A8AE47481,AR37SX11187FB3E164,944,"Lansing-East Lansing, MI","""Mozilla/5.0 (X11; Linux x86_64) AppleWebKit/537.36 (KHTML, like Gecko) Chrome/37.0.2062.94 Safari/537.36"""
93,2018-11-16 08:47:22.0,49,paid,SOUNZHU12A8AE47481,AR37SX11187FB3E164,636,"San Francisco-Oakland-Hayward, CA",Mozilla/5.0 (Windows NT 5.1; rv:31.0) Gecko/20100101 Firefox/31.0
95,2018-11-10 20:36:50.0,36,paid,SOUNZHU12A8AE47481,AR37SX11187FB3E164,439,"Janesville-Beloit, WI","""Mozilla/5.0 (Windows NT 5.1) AppleWebKit/537.36 (KHTML, like Gecko) Chrome/36.0.1985.143 Safari/537.36"""
97,2018-11-09 20:13:58.0,49,free,SOUNZHU12A8AE47481,AR37SX11187FB3E164,405,"San Francisco-Oakland-Hayward, CA",Mozilla/5.0 (Windows NT 5.1; rv:31.0) Gecko/20100101 Firefox/31.0
101,2018-11-05 02:09:47.0,44,paid,SOUNZHU12A8AE47481,AR37SX11187FB3E164,237,"Waterloo-Cedar Falls, IA",Mozilla/5.0 (Macintosh; Intel Mac OS X 10.9; rv:31.0) Gecko/20100101 Firefox/31.0
107,2018-11-29 16:58:11.0,16,paid,SORWNSF12A6D4FCCA7,ARW19E01187B9AEB8D,983,"Birmingham-Hoover, AL","""Mozilla/5.0 (Macintosh; Intel Mac OS X 10_9_4) AppleWebKit/537.77.4 (KHTML, like Gecko) Version/7.0.5 Safari/537.77.4"""
113,2018-11-16 17:00:36.0,97,paid,SOHRKIG12A8C1415C7,ARO4NIA1187B9B8289,633,"Lansing-East Lansing, MI","""Mozilla/5.0 (X11; Linux x86_64) AppleWebKit/537.36 (KHTML, like Gecko) Chrome/37.0.2062.94 Safari/537.36"""
115,2018-11-29 18:52:00.0,82,paid,SOFRDPR12A8C139B54,ARCHO5Y1187FB5001F,1017,"Atlanta-Sandy Springs-Roswell, GA","""Mozilla/5.0 (Macintosh; Intel Mac OS X 10_9_3) AppleWebKit/537.36 (KHTML, like Gecko) Chrome/37.0.2062.94 Safari/537.36"""
121,2018-11-17 23:49:45.0,70,paid,SOKUCXB12A6D4FAC0C,ARHO39G1187FB4E31B,113,"San Antonio-New Braunfels, TX",Mozilla/5.0 (Windows NT 6.1; WOW64; rv:31.0) Gecko/20100101 Firefox/31.0
123,2018-11-17 23:13:41.0,70,paid,SOKUCXB12A6D4FAC0C,ARHO39G1187FB4E31B,113,"San Antonio-New Braunfels, TX",Mozilla/5.0 (Windows NT 6.1; WOW64; rv:31.0) Gecko/20100101 Firefox/31.0
127,2018-11-28 17:39:27.0,49,paid,SODKJWI12A8151BD74,ARM0P6Z1187FB4D466,1023,"San Francisco-Oakland-Hayward, CA",Mozilla/5.0 (Windows NT 5.1; rv:31.0) Gecko/20100101 Firefox/31.0
129,2018-11-24 17:29:19.0,29,paid,SODKJWI12A8151BD74,ARM0P6Z1187FB4D466,898,"Atlanta-Sandy Springs-Roswell, GA","""Mozilla/5.0 (Macintosh; Intel Mac OS X 10_9_4) AppleWebKit/537.78.2 (KHTML, like Gecko) Version/7.0.6 Safari/537.78.2"""
131,2018-11-17 15:51:53.0,73,paid,SODKJWI12A8151BD74,ARM0P6Z1187FB4D466,518,"Tampa-St. Petersburg-Clearwater, FL","""Mozilla/5.0 (Macintosh; Intel Mac OS X 10_9_4) AppleWebKit/537.78.2 (KHTML, like Gecko) Version/7.0.6 Safari/537.78.2"""
133,2018-11-20 08:05:30.0,15,paid,SOMCKUB12AB018BD24,ARL1MEI1187B9AD98B,716,"Chicago-Naperville-Elgin, IL-IN-WI","""Mozilla/5.0 (X11; Linux x86_64) AppleWebKit/537.36 (KHTML, like Gecko) Ubuntu Chromium/36.0.1985.125 Chrome/36.0.1985.125 Safari/537.36"""
135,2018-11-14 15:37:16.0,80,paid,SOARSZY12A8C140F20,ARL7J7C11C8A41747C,574,"Portland-South Portland, ME","""Mozilla/5.0 (Macintosh; Intel Mac OS X 10_9_4) AppleWebKit/537.36 (KHTML, like Gecko) Chrome/36.0.1985.143 Safari/537.36"""
139,2018-11-22 11:52:14.0,97,paid,SOUCKDH12A8C138FF5,ARJ7KF01187B98D717,828,"Lansing-East Lansing, MI","""Mozilla/5.0 (X11; Linux x86_64) AppleWebKit/537.36 (KHTML, like Gecko) Chrome/37.0.2062.94 Safari/537.36"""
147,2018-11-21 08:11:10.0,88,paid,SONQEYS12AF72AABC9,ARLY7P81187B9ACF4D,744,"Sacramento--Roseville--Arden-Arcade, CA","""Mozilla/5.0 (Macintosh; Intel Mac OS X 10_9_4) AppleWebKit/537.36 (KHTML, like Gecko) Chrome/36.0.1985.143 Safari/537.36"""
155,2018-11-26 13:47:35.0,40,free,SOZYHNC12A8C13B9D0,AR5Z97E1187FB36169,874,"Oxnard-Thousand Oaks-Ventura, CA","""Mozilla/5.0 (Macintosh; Intel Mac OS X 10_9_4) AppleWebKit/537.77.4 (KHTML, like Gecko) Version/7.0.5 Safari/537.77.4"""
159,2018-11-13 10:34:37.0,44,paid,SOPRQEX12A8C133558,ARRJ3UC1187FB579D7,474,"Waterloo-Cedar Falls, IA",Mozilla/5.0 (Macintosh; Intel Mac OS X 10.9; rv:31.0) Gecko/20100101 Firefox/31.0
163,2018-11-28 22:24:33.0,24,paid,SOWTCLZ12A8AE4572F,ARXDQJB1187FB57154,984,"Lake Havasu City-Kingman, AZ","""Mozilla/5.0 (Windows NT 6.1; WOW64) AppleWebKit/537.36 (KHTML, like Gecko) Chrome/36.0.1985.125 Safari/537.36"""
165,2018-11-14 11:09:39.0,86,free,SOKYHYL12A8C13D79D,AROSI8L1187B9ACD43,498,"La Crosse-Onalaska, WI-MN","""Mozilla/5.0 (Macintosh; Intel Mac OS X 10_9_4) AppleWebKit/537.36 (KHTML, like Gecko) Chrome/37.0.2062.94 Safari/537.36"""
167,2018-11-16 10:43:30.0,80,paid,SOPANEB12A8C13E81E,ARSW5F51187FB4CFC9,620,"Portland-South Portland, ME","""Mozilla/5.0 (Macintosh; Intel Mac OS X 10_9_4) AppleWebKit/537.36 (KHTML, like Gecko) Chrome/36.0.1985.143 Safari/537.36"""
171,2018-11-30 07:47:05.0,49,paid,SOKMDJJ12AB0181C64,AR6M65W1187FB3611E,1079,"San Francisco-Oakland-Hayward, CA",Mozilla/5.0 (Windows NT 5.1; rv:31.0) Gecko/20100101 Firefox/31.0
177,2018-11-30 10:30:53.0,36,paid,SOOIPWS12AB018CBBB,ARKJS6R1187FB46324,998,"Janesville-Beloit, WI","""Mozilla/5.0 (Windows NT 5.1) AppleWebKit/537.36 (KHTML, like Gecko) Chrome/36.0.1985.143 Safari/537.36"""
179,2018-11-24 14:19:35.0,95,paid,SOFZZKJ12A6701D935,ARDAHWH1187FB4B0E7,564,"Winston-Salem, NC","""Mozilla/5.0 (iPhone; CPU iPhone OS 7_1_2 like Mac OS X) AppleWebKit/537.51.2 (KHTML, like Gecko) Version/7.0 Mobile/11D257 Safari/9537.53"""
187,2018-11-12 23:13:42.0,80,paid,SOSQIHH12A8C13370B,ARH6W4X1187B99274F,481,"Portland-South Portland, ME","""Mozilla/5.0 (Macintosh; Intel Mac OS X 10_9_4) AppleWebKit/537.36 (KHTML, like Gecko) Chrome/36.0.1985.143 Safari/537.36"""
191,2018-11-26 13:42:55.0,88,paid,SOJHUQN12A6D4F8EDE,AR4OU721187FB4549D,900,"Sacramento--Roseville--Arden-Arcade, CA","""Mozilla/5.0 (Macintosh; Intel Mac OS X 10_9_4) AppleWebKit/537.36 (KHTML, like Gecko) Chrome/36.0.1985.143 Safari/537.36"""
197,2018-11-19 17:49:44.0,52,free,SOWCLTO12A67021CEC,ARXP7MQ1187FB3AC5F,601,"Houston-The Woodlands-Sugar Land, TX",Mozilla/5.0 (Windows NT 6.1; WOW64; rv:31.0) Gecko/20100101 Firefox/31.0
205,2018-11-13 13:29:41.0,29,paid,SOIOESO12A6D4F621D,ARVLXWP1187FB5B94A,486,"Atlanta-Sandy Springs-Roswell, GA","""Mozilla/5.0 (Macintosh; Intel Mac OS X 10_9_4) AppleWebKit/537.78.2 (KHTML, like Gecko) Version/7.0.6 Safari/537.78.2"""
211,2018-11-04 09:19:03.0,44,paid,SOCSXKQ12A6D4F95A0,ARRE7IQ1187FB4CF13,196,"Waterloo-Cedar Falls, IA",Mozilla/5.0 (Macintosh; Intel Mac OS X 10.9; rv:31.0) Gecko/20100101 Firefox/31.0
213,2018-11-08 19:05:26.0,80,paid,SOECIFL12A6D4F78FE,AR6SPRZ1187FB4958B,376,"Portland-South Portland, ME","""Mozilla/5.0 (Macintosh; Intel Mac OS X 10_9_4) AppleWebKit/537.36 (KHTML, like Gecko) Chrome/36.0.1985.143 Safari/537.36"""
217,2018-11-15 12:50:26.0,30,paid,SOSQIRI12A8C133897,AR1XIHA1187FB4AED3,324,"San Jose-Sunnyvale-Santa Clara, CA",Mozilla/5.0 (Windows NT 6.1; WOW64; rv:31.0) Gecko/20100101 Firefox/31.0
223,2018-11-13 19:46:32.0,97,paid,SOOQPIK12A6701F1C5,ARC8CQZ1187B98DECA,537,"Lansing-East Lansing, MI","""Mozilla/5.0 (X11; Linux x86_64) AppleWebKit/537.36 (KHTML, like Gecko) Chrome/37.0.2062.94 Safari/537.36"""
225,2018-11-27 04:25:00.0,8,free,SOWEUOO12A6D4F6D0C,ARQUMH41187B9AF699,833,"Phoenix-Mesa-Scottsdale, AZ","""Mozilla/5.0 (Windows NT 6.1; WOW64) AppleWebKit/537.36 (KHTML, like Gecko) Chrome/35.0.1916.153 Safari/537.36"""
229,2018-11-07 15:41:10.0,15,paid,SOWEUOO12A6D4F6D0C,ARQUMH41187B9AF699,221,"Chicago-Naperville-Elgin, IL-IN-WI","""Mozilla/5.0 (X11; Linux x86_64) AppleWebKit/537.36 (KHTML, like Gecko) Ubuntu Chromium/36.0.1985.125 Chrome/36.0.1985.125 Safari/537.36"""
231,2018-11-30 06:33:56.0,49,paid,SOGIHQJ12A58A75AC9,ARBX1FQ1187FB42BD5,1079,"San Francisco-Oakland-Hayward, CA",Mozilla/5.0 (Windows NT 5.1; rv:31.0) Gecko/20100101 Firefox/31.0
235,2018-11-30 12:57:53.0,61,free,SOJDXQI12AF72A580E,AR048JZ1187B9AEB85,1064,"Houston-The Woodlands-Sugar Land, TX","""Mozilla/5.0 (Macintosh; Intel Mac OS X 10_9_4) AppleWebKit/537.77.4 (KHTML, like Gecko) Version/7.0.5 Safari/537.77.4"""
239,2018-11-09 17:47:05.0,36,free,SOLNAVA12AB01842E0,AR15R2V1187B9A9803,392,"Janesville-Beloit, WI","""Mozilla/5.0 (Windows NT 5.1) AppleWebKit/537.36 (KHTML, like Gecko) Chrome/36.0.1985.143 Safari/537.36"""
243,2018-11-29 21:27:48.0,49,paid,SOYMXQJ12A8C137881,ARF8JDZ1187FB37A42,1041,"San Francisco-Oakland-Hayward, CA",Mozilla/5.0 (Windows NT 5.1; rv:31.0) Gecko/20100101 Firefox/31.0
247,2018-11-26 11:35:51.0,15,paid,SOLLOSO12AB0184A7A,ARVXU2X1187B9AE6D8,834,"Chicago-Naperville-Elgin, IL-IN-WI","""Mozilla/5.0 (X11; Linux x86_64) AppleWebKit/537.36 (KHTML, like Gecko) Ubuntu Chromium/36.0.1985.125 Chrome/36.0.1985.125 Safari/537.36"""
251,2018-11-04 06:18:31.0,25,paid,SOQKCRV12AB018B431,AR1WKBM1187FB38900,128,"Marinette, WI-MI","""Mozilla/5.0 (Windows NT 6.3; WOW64) AppleWebKit/537.36 (KHTML, like Gecko) Chrome/36.0.1985.143 Safari/537.36"""
253,2018-11-05 18:26:07.0,73,paid,SOKQFRT12A8C132F46,AR0N7RH1187B9B7497,255,"Tampa-St. Petersburg-Clearwater, FL","""Mozilla/5.0 (Macintosh; Intel Mac OS X 10_9_4) AppleWebKit/537.78.2 (KHTML, like Gecko) Version/7.0.6 Safari/537.78.2"""
255,2018-11-27 16:26:04.0,36,paid,SOYTFSY12A6D4FD84E,ARRFSMX1187FB39B03,957,"Janesville-Beloit, WI","""Mozilla/5.0 (Windows NT 5.1) AppleWebKit/537.36 (KHTML, like Gecko) Chrome/36.0.1985.143 Safari/537.36"""
265,2018-11-28 21:05:13.0,73,paid,SOAHVKA12A8C146C5F,ARPBMSQ1187B98AE69,954,"Tampa-St. Petersburg-Clearwater, FL","""Mozilla/5.0 (Macintosh; Intel Mac OS X 10_9_4) AppleWebKit/537.78.2 (KHTML, like Gecko) Version/7.0.6 Safari/537.78.2"""
267,2018-11-05 11:14:00.0,44,paid,SOCDOVE12AB01808DE,ARYE9E71187B9AA1B3,269,"Waterloo-Cedar Falls, IA",Mozilla/5.0 (Macintosh; Intel Mac OS X 10.9; rv:31.0) Gecko/20100101 Firefox/31.0
269,2018-11-30 14:07:56.0,85,paid,SOXFSTR12A8AE463B0,ARR3ONV1187B9A2F59,977,"Red Bluff, CA","""Mozilla/5.0 (Macintosh; Intel Mac OS X 10_10_0) AppleWebKit/537.36 (KHTML, like Gecko) Chrome/36.0.1985.143 Safari/537.36"""
271,2018-11-23 21:42:09.0,85,paid,SONEGWF12A8C133022,ARI75KH1187FB4C77C,891,"Red Bluff, CA","""Mozilla/5.0 (Macintosh; Intel Mac OS X 10_10_0) AppleWebKit/537.36 (KHTML, like Gecko) Chrome/36.0.1985.143 Safari/537.36"""
277,2018-11-30 06:54:42.0,49,paid,SOIZLVK12AC468C3BA,ARXQUKV11F50C502B1,1079,"San Francisco-Oakland-Hayward, CA",Mozilla/5.0 (Windows NT 5.1; rv:31.0) Gecko/20100101 Firefox/31.0
279,2018-11-29 18:21:24.0,49,paid,SOCIGMX12A8C144150,ARQOBT71187FB4CCCA,1041,"San Francisco-Oakland-Hayward, CA",Mozilla/5.0 (Windows NT 5.1; rv:31.0) Gecko/20100101 Firefox/31.0
362,2018-11-05 17:00:27.0,73,paid,SOBANHD12A58A7BB7C,ARSUFX91187FB3B73E,255,"Tampa-St. Petersburg-Clearwater, FL","""Mozilla/5.0 (Macintosh; Intel Mac OS X 10_9_4) AppleWebKit/537.78.2 (KHTML, like Gecko) Version/7.0.6 Safari/537.78.2"""
364,2018-11-23 16:13:08.0,58,paid,SOJJYDE12AF729FC16,ARG72Q21187FB36243,852,"Augusta-Richmond County, GA-SC","""Mozilla/5.0 (Windows NT 6.3; WOW64) AppleWebKit/537.36 (KHTML, like Gecko) Chrome/36.0.1985.125 Safari/537.36"""
366,2018-11-14 17:17:07.0,80,paid,SOBHBKJ12A6D4F9D00,ARX14DU1187FB52D07,574,"Portland-South Portland, ME","""Mozilla/5.0 (Macintosh; Intel Mac OS X 10_9_4) AppleWebKit/537.36 (KHTML, like Gecko) Chrome/36.0.1985.143 Safari/537.36"""
368,2018-11-29 18:05:39.0,49,paid,SOMEFTJ12A6D4F8CAC,AR7S2271187FB38B1F,1041,"San Francisco-Oakland-Hayward, CA",Mozilla/5.0 (Windows NT 5.1; rv:31.0) Gecko/20100101 Firefox/31.0
380,2018-11-06 08:49:19.0,12,free,SOBJDDA12A6BD53159,ARCS4GZ1187FB469EB,300,"New York-Newark-Jersey City, NY-NJ-PA",Mozilla/5.0 (Windows NT 6.1; rv:31.0) Gecko/20100101 Firefox/31.0
382,2018-11-09 19:34:24.0,80,paid,SOWFHCO12AB0189063,ARFIU2R1187B9927F9,434,"Portland-South Portland, ME","""Mozilla/5.0 (Macintosh; Intel Mac OS X 10_9_4) AppleWebKit/537.36 (KHTML, like Gecko) Chrome/36.0.1985.143 Safari/537.36"""
384,2018-11-13 14:24:57.0,29,paid,SOQHFWA12AAA8C6662,ARWAQTR1187FB38810,486,"Atlanta-Sandy Springs-Roswell, GA","""Mozilla/5.0 (Macintosh; Intel Mac OS X 10_9_4) AppleWebKit/537.78.2 (KHTML, like Gecko) Version/7.0.6 Safari/537.78.2"""
1,2018-11-21 21:56:47.0,15,paid,SOZCTXZ12AB0182364,AR5KOSW1187FB35FF4,818,"Chicago-Naperville-Elgin, IL-IN-WI","""Mozilla/5.0 (X11; Linux x86_64) AppleWebKit/537.36 (KHTML, like Gecko) Ubuntu Chromium/36.0.1985.125 Chrome/36.0.1985.125 Safari/537.36"""
3,2018-11-09 17:55:00.0,80,paid,SOAOJYY12A58A7B2F9,ARFVYJI1187B9B8E13,416,"Portland-South Portland, ME","""Mozilla/5.0 (Macintosh; Intel Mac OS X 10_9_4) AppleWebKit/537.36 (KHTML, like Gecko) Chrome/36.0.1985.143 Safari/537.36"""
11,2018-11-13 17:28:33.0,97,paid,SOIBHYW12AB0188F49,ARWNARC122BCFCAFEB,537,"Lansing-East Lansing, MI","""Mozilla/5.0 (X11; Linux x86_64) AppleWebKit/537.36 (KHTML, like Gecko) Chrome/37.0.2062.94 Safari/537.36"""
13,2018-11-15 21:59:51.0,44,paid,SODPLYE12AB01898FB,ARA3I0J1187FB57869,619,"Waterloo-Cedar Falls, IA",Mozilla/5.0 (Macintosh; Intel Mac OS X 10.9; rv:31.0) Gecko/20100101 Firefox/31.0
17,2018-11-13 19:11:19.0,97,paid,SOQSYGY12A8C137E0F,AROF4LP1187FB41C51,537,"Lansing-East Lansing, MI","""Mozilla/5.0 (X11; Linux x86_64) AppleWebKit/537.36 (KHTML, like Gecko) Chrome/37.0.2062.94 Safari/537.36"""
21,2018-11-24 04:31:30.0,29,paid,SOAECHX12A6D4FC3D9,ARX2DLI1187FB4DD03,709,"Atlanta-Sandy Springs-Roswell, GA","""Mozilla/5.0 (Macintosh; Intel Mac OS X 10_9_4) AppleWebKit/537.78.2 (KHTML, like Gecko) Version/7.0.6 Safari/537.78.2"""
31,2018-11-26 07:08:28.0,49,paid,SOYQYTX12AB0186FFA,ARWVF341187B9B55D8,930,"San Francisco-Oakland-Hayward, CA",Mozilla/5.0 (Windows NT 5.1; rv:31.0) Gecko/20100101 Firefox/31.0
41,2018-11-30 10:42:09.0,36,paid,SOTNHIP12AB0183131,ARD46C811C8A414F3F,998,"Janesville-Beloit, WI","""Mozilla/5.0 (Windows NT 5.1) AppleWebKit/537.36 (KHTML, like Gecko) Chrome/36.0.1985.143 Safari/537.36"""
43,2018-11-29 02:36:13.0,54,free,SOTNHIP12AB0183131,ARD46C811C8A414F3F,951,"Yuba City, CA",Mozilla/5.0 (Windows NT 6.1; WOW64; rv:31.0) Gecko/20100101 Firefox/31.0
45,2018-11-29 01:38:30.0,24,paid,SOTNHIP12AB0183131,ARD46C811C8A414F3F,984,"Lake Havasu City-Kingman, AZ","""Mozilla/5.0 (Windows NT 6.1; WOW64) AppleWebKit/537.36 (KHTML, like Gecko) Chrome/36.0.1985.125 Safari/537.36"""
49,2018-11-10 08:20:13.0,44,paid,SOTNHIP12AB0183131,ARD46C811C8A414F3F,350,"Waterloo-Cedar Falls, IA",Mozilla/5.0 (Macintosh; Intel Mac OS X 10.9; rv:31.0) Gecko/20100101 Firefox/31.0
51,2018-11-23 12:08:33.0,80,paid,SOBBHVN12A6702162D,ARFSZGT1187B9B1E44,848,"Portland-South Portland, ME","""Mozilla/5.0 (Macintosh; Intel Mac OS X 10_9_4) AppleWebKit/537.36 (KHTML, like Gecko) Chrome/36.0.1985.143 Safari/537.36"""
53,2018-11-28 08:18:57.0,58,paid,SOJWCWM12A8C13B664,ARM6T8I1187FB36CC8,887,"Augusta-Richmond County, GA-SC","""Mozilla/5.0 (Windows NT 6.3; WOW64) AppleWebKit/537.36 (KHTML, like Gecko) Chrome/36.0.1985.125 Safari/537.36"""
55,2018-11-15 14:31:08.0,97,paid,SOVOZSC12A8C144E73,ART0ETO1187B9AB519,605,"Lansing-East Lansing, MI","""Mozilla/5.0 (X11; Linux x86_64) AppleWebKit/537.36 (KHTML, like Gecko) Chrome/37.0.2062.94 Safari/537.36"""
61,2018-11-20 01:08:25.0,94,free,SODLAPJ12A8C142002,ARS4WS71187FB3F6AB,530,"Ogden-Clearfield, UT",Mozilla/5.0 (Windows NT 6.1; WOW64; rv:32.0) Gecko/20100101 Firefox/32.0
65,2018-11-06 23:32:39.0,97,paid,SOBRFPG12A8AE4837D,AR1N3PB1187B9B25C1,293,"Lansing-East Lansing, MI","""Mozilla/5.0 (X11; Linux x86_64) AppleWebKit/537.36 (KHTML, like Gecko) Chrome/37.0.2062.94 Safari/537.36"""
69,2018-11-05 14:24:56.0,44,paid,SOTETAR12AF72A5FF7,AROR8OB1187FB50D6A,269,"Waterloo-Cedar Falls, IA",Mozilla/5.0 (Macintosh; Intel Mac OS X 10.9; rv:31.0) Gecko/20100101 Firefox/31.0
71,2018-11-19 03:58:05.0,24,paid,SOEHTZE12A6310F0F2,ARJ7KF01187B98D717,672,"Lake Havasu City-Kingman, AZ","""Mozilla/5.0 (Windows NT 6.1; WOW64) AppleWebKit/537.36 (KHTML, like Gecko) Chrome/36.0.1985.125 Safari/537.36"""
75,2018-11-15 21:25:45.0,49,paid,SOKHAAU12A6D4F71EF,ARDD09D1187B99AD60,630,"San Francisco-Oakland-Hayward, CA",Mozilla/5.0 (Windows NT 5.1; rv:31.0) Gecko/20100101 Firefox/31.0
77,2018-11-28 23:34:43.0,24,paid,SOHRHCN12AB018B0F4,ARHQBRZ1187FB3BDA2,984,"Lake Havasu City-Kingman, AZ","""Mozilla/5.0 (Windows NT 6.1; WOW64) AppleWebKit/537.36 (KHTML, like Gecko) Chrome/36.0.1985.125 Safari/537.36"""
79,2018-11-23 17:29:09.0,58,paid,SOOWUWR12A8C13A62C,ARI7RGN1187FB40849,852,"Augusta-Richmond County, GA-SC","""Mozilla/5.0 (Windows NT 6.3; WOW64) AppleWebKit/537.36 (KHTML, like Gecko) Chrome/36.0.1985.125 Safari/537.36"""
91,2018-11-27 20:07:48.0,88,paid,SOUNZHU12A8AE47481,AR37SX11187FB3E164,969,"Sacramento--Roseville--Arden-Arcade, CA","""Mozilla/5.0 (Macintosh; Intel Mac OS X 10_9_4) AppleWebKit/537.36 (KHTML, like Gecko) Chrome/36.0.1985.143 Safari/537.36"""
99,2018-11-09 17:02:17.0,80,paid,SOUNZHU12A8AE47481,AR37SX11187FB3E164,416,"Portland-South Portland, ME","""Mozilla/5.0 (Macintosh; Intel Mac OS X 10_9_4) AppleWebKit/537.36 (KHTML, like Gecko) Chrome/36.0.1985.143 Safari/537.36"""
103,2018-11-16 19:51:31.0,36,paid,SOVLOXM12A6D4FA5C6,ARPD2KK1187B9B8B98,461,"Janesville-Beloit, WI","""Mozilla/5.0 (Windows NT 5.1) AppleWebKit/537.36 (KHTML, like Gecko) Chrome/36.0.1985.143 Safari/537.36"""
105,2018-11-13 17:47:05.0,29,paid,SOJWFXM12A3F1EBE8B,AR049S81187B9AE8A5,486,"Atlanta-Sandy Springs-Roswell, GA","""Mozilla/5.0 (Macintosh; Intel Mac OS X 10_9_4) AppleWebKit/537.78.2 (KHTML, like Gecko) Version/7.0.6 Safari/537.78.2"""
109,2018-11-18 19:24:51.0,29,paid,SOCOWCL12A8C1415F7,AR8K3HD1187B9B9CA9,589,"Atlanta-Sandy Springs-Roswell, GA","""Mozilla/5.0 (Macintosh; Intel Mac OS X 10_9_4) AppleWebKit/537.78.2 (KHTML, like Gecko) Version/7.0.6 Safari/537.78.2"""
111,2018-11-28 23:46:49.0,73,paid,SOUFWFG12AC9072C7E,ARL26PR1187FB576E5,954,"Tampa-St. Petersburg-Clearwater, FL","""Mozilla/5.0 (Macintosh; Intel Mac OS X 10_9_4) AppleWebKit/537.78.2 (KHTML, like Gecko) Version/7.0.6 Safari/537.78.2"""
117,2018-11-26 08:30:57.0,44,paid,SORAHAG12AB0182BD0,AR8UZXF1187B9AB868,781,"Waterloo-Cedar Falls, IA",Mozilla/5.0 (Macintosh; Intel Mac OS X 10.9; rv:31.0) Gecko/20100101 Firefox/31.0
119,2018-11-20 20:17:20.0,85,paid,SOTVSNZ12A8C13DA01,ARF8JDZ1187FB37A42,776,"Red Bluff, CA","""Mozilla/5.0 (Macintosh; Intel Mac OS X 10_10_0) AppleWebKit/537.36 (KHTML, like Gecko) Chrome/36.0.1985.143 Safari/537.36"""
125,2018-11-27 22:15:14.0,80,paid,SOWHEAR12A8C13CE45,AR3SX9G1187FB52D72,992,"Portland-South Portland, ME","""Mozilla/5.0 (Macintosh; Intel Mac OS X 10_9_4) AppleWebKit/537.36 (KHTML, like Gecko) Chrome/36.0.1985.143 Safari/537.36"""
137,2018-11-27 18:09:21.0,36,paid,SOUCKDH12A8C138FF5,ARJ7KF01187B98D717,957,"Janesville-Beloit, WI","""Mozilla/5.0 (Windows NT 5.1) AppleWebKit/537.36 (KHTML, like Gecko) Chrome/36.0.1985.143 Safari/537.36"""
141,2018-11-29 16:00:01.0,49,paid,SOTNWCI12AAF3B2028,ARS54I31187FB46721,1041,"San Francisco-Oakland-Hayward, CA",Mozilla/5.0 (Windows NT 5.1; rv:31.0) Gecko/20100101 Firefox/31.0
143,2018-11-15 10:48:15.0,80,paid,SOTNWCI12AAF3B2028,ARS54I31187FB46721,611,"Portland-South Portland, ME","""Mozilla/5.0 (Macintosh; Intel Mac OS X 10_9_4) AppleWebKit/537.36 (KHTML, like Gecko) Chrome/36.0.1985.143 Safari/537.36"""
145,2018-11-28 07:15:21.0,58,paid,SONQEYS12AF72AABC9,ARLY7P81187B9ACF4D,887,"Augusta-Richmond County, GA-SC","""Mozilla/5.0 (Windows NT 6.3; WOW64) AppleWebKit/537.36 (KHTML, like Gecko) Chrome/36.0.1985.125 Safari/537.36"""
149,2018-11-08 10:28:27.0,80,paid,SONQEYS12AF72AABC9,ARLY7P81187B9ACF4D,342,"Portland-South Portland, ME","""Mozilla/5.0 (Macintosh; Intel Mac OS X 10_9_4) AppleWebKit/537.36 (KHTML, like Gecko) Chrome/36.0.1985.143 Safari/537.36"""
151,2018-11-05 11:36:56.0,44,paid,SONQEYS12AF72AABC9,ARLY7P81187B9ACF4D,269,"Waterloo-Cedar Falls, IA",Mozilla/5.0 (Macintosh; Intel Mac OS X 10.9; rv:31.0) Gecko/20100101 Firefox/31.0
153,2018-11-28 08:23:13.0,58,paid,SOARTRF12AB0181F4D,AREEUN81187B98D69E,887,"Augusta-Richmond County, GA-SC","""Mozilla/5.0 (Windows NT 6.3; WOW64) AppleWebKit/537.36 (KHTML, like Gecko) Chrome/36.0.1985.125 Safari/537.36"""
157,2018-11-29 15:54:12.0,49,paid,SORTPHZ12A8C13D374,AR7Q0O91187FB4DBE7,1041,"San Francisco-Oakland-Hayward, CA",Mozilla/5.0 (Windows NT 5.1; rv:31.0) Gecko/20100101 Firefox/31.0
161,2018-11-24 04:34:19.0,88,paid,SOLAYSZ12A6701F5BE,ARVHQNN1187B9B9FA3,888,"Sacramento--Roseville--Arden-Arcade, CA","""Mozilla/5.0 (Macintosh; Intel Mac OS X 10_9_4) AppleWebKit/537.36 (KHTML, like Gecko) Chrome/36.0.1985.143 Safari/537.36"""
169,2018-11-03 18:19:10.0,95,paid,SOPANEB12A8C13E81E,ARSW5F51187FB4CFC9,152,"Winston-Salem, NC","""Mozilla/5.0 (iPhone; CPU iPhone OS 7_1_2 like Mac OS X) AppleWebKit/537.51.2 (KHTML, like Gecko) Version/7.0 Mobile/11D257 Safari/9537.53"""
173,2018-11-23 00:11:00.0,66,free,SODHEKL12AB01838C7,ARJTYAT1187FB51ABA,815,"Harrisburg-Carlisle, PA","""Mozilla/5.0 (Macintosh; Intel Mac OS X 10_9_4) AppleWebKit/537.36 (KHTML, like Gecko) Chrome/36.0.1985.125 Safari/537.36"""
175,2018-11-06 20:12:11.0,97,paid,SODCQYZ12A6D4F9B26,ARYJ7KN1187B98CC73,293,"Lansing-East Lansing, MI","""Mozilla/5.0 (X11; Linux x86_64) AppleWebKit/537.36 (KHTML, like Gecko) Chrome/37.0.2062.94 Safari/537.36"""
181,2018-11-29 16:05:40.0,16,paid,SOYCHDB12A8C13F2C8,ARR3ONV1187B9A2F59,983,"Birmingham-Hoover, AL","""Mozilla/5.0 (Macintosh; Intel Mac OS X 10_9_4) AppleWebKit/537.77.4 (KHTML, like Gecko) Version/7.0.5 Safari/537.77.4"""
183,2018-11-15 17:06:32.0,30,paid,SOTPQFM12AB017AC9E,ARANOZN1187B9B373E,324,"San Jose-Sunnyvale-Santa Clara, CA",Mozilla/5.0 (Windows NT 6.1; WOW64; rv:31.0) Gecko/20100101 Firefox/31.0
185,2018-11-12 18:35:09.0,73,paid,SOYRFUE12AB0183E5C,ARTYXEZ1187FB54560,294,"Tampa-St. Petersburg-Clearwater, FL","""Mozilla/5.0 (Macintosh; Intel Mac OS X 10_9_4) AppleWebKit/537.78.2 (KHTML, like Gecko) Version/7.0.6 Safari/537.78.2"""
189,2018-11-12 17:26:37.0,73,paid,SOCJWPI12A8C13D357,ARRB3GQ1187FB52D14,294,"Tampa-St. Petersburg-Clearwater, FL","""Mozilla/5.0 (Macintosh; Intel Mac OS X 10_9_4) AppleWebKit/537.78.2 (KHTML, like Gecko) Version/7.0.6 Safari/537.78.2"""
193,2018-11-15 15:57:07.0,97,paid,SOJHUQN12A6D4F8EDE,AR4OU721187FB4549D,605,"Lansing-East Lansing, MI","""Mozilla/5.0 (X11; Linux x86_64) AppleWebKit/537.36 (KHTML, like Gecko) Chrome/37.0.2062.94 Safari/537.36"""
195,2018-11-15 17:09:53.0,42,paid,SOFDXZL12A6D4F96AB,ARCZODZ1187B9B92E9,404,"New York-Newark-Jersey City, NY-NJ-PA","""Mozilla/5.0 (Windows NT 6.3; WOW64) AppleWebKit/537.36 (KHTML, like Gecko) Chrome/36.0.1985.143 Safari/537.36"""
199,2018-11-19 07:11:29.0,24,paid,SOIOESO12A6D4F621D,ARVLXWP1187FB5B94A,672,"Lake Havasu City-Kingman, AZ","""Mozilla/5.0 (Windows NT 6.1; WOW64) AppleWebKit/537.36 (KHTML, like Gecko) Chrome/36.0.1985.125 Safari/537.36"""
201,2018-11-15 19:01:55.0,42,paid,SOIOESO12A6D4F621D,ARVLXWP1187FB5B94A,404,"New York-Newark-Jersey City, NY-NJ-PA","""Mozilla/5.0 (Windows NT 6.3; WOW64) AppleWebKit/537.36 (KHTML, like Gecko) Chrome/36.0.1985.143 Safari/537.36"""
203,2018-11-15 12:28:39.0,30,paid,SOIOESO12A6D4F621D,ARVLXWP1187FB5B94A,324,"San Jose-Sunnyvale-Santa Clara, CA",Mozilla/5.0 (Windows NT 6.1; WOW64; rv:31.0) Gecko/20100101 Firefox/31.0
207,2018-11-24 15:47:42.0,49,paid,SOCGOZK12A8151BD5D,ARM0P6Z1187FB4D466,849,"San Francisco-Oakland-Hayward, CA",Mozilla/5.0 (Windows NT 5.1; rv:31.0) Gecko/20100101 Firefox/31.0
209,2018-11-05 05:57:05.0,57,free,SOCGOZK12A8151BD5D,ARM0P6Z1187FB4D466,56,"San Antonio-New Braunfels, TX","""Mozilla/5.0 (Macintosh; Intel Mac OS X 10_6_8) AppleWebKit/534.59.10 (KHTML, like Gecko) Version/5.1.9 Safari/534.59.10"""
215,2018-11-05 01:48:00.0,44,paid,SOOXLKF12A6D4F594A,ARF5M7Q1187FB501E8,237,"Waterloo-Cedar Falls, IA",Mozilla/5.0 (Macintosh; Intel Mac OS X 10.9; rv:31.0) Gecko/20100101 Firefox/31.0
219,2018-11-19 17:41:51.0,52,free,SOFPDCU12A6D4FD0DC,AR8P6CT1187FB458AB,601,"Houston-The Woodlands-Sugar Land, TX",Mozilla/5.0 (Windows NT 6.1; WOW64; rv:31.0) Gecko/20100101 Firefox/31.0
221,2018-11-03 01:12:26.0,53,free,SOSELMV12A6D4FCF5A,ARWD25M1187FB4C563,52,"Klamath Falls, OR","""Mozilla/5.0 (Windows NT 6.1; WOW64) AppleWebKit/537.36 (KHTML, like Gecko) Chrome/37.0.2062.103 Safari/537.36"""
227,2018-11-14 23:38:06.0,49,paid,SOWEUOO12A6D4F6D0C,ARQUMH41187B9AF699,576,"San Francisco-Oakland-Hayward, CA",Mozilla/5.0 (Windows NT 5.1; rv:31.0) Gecko/20100101 Firefox/31.0
233,2018-11-26 00:52:05.0,33,free,SONQEAO12A6D4F8CB3,AR7S2271187FB38B1F,827,"Eugene, OR","""Mozilla/5.0 (Windows NT 6.1; WOW64) AppleWebKit/537.36 (KHTML, like Gecko) Chrome/36.0.1985.125 Safari/537.36"""
237,2018-11-29 17:56:29.0,16,paid,SOEDHLM12AB0187C73,ARUOOPO119B8668087,983,"Birmingham-Hoover, AL","""Mozilla/5.0 (Macintosh; Intel Mac OS X 10_9_4) AppleWebKit/537.77.4 (KHTML, like Gecko) Version/7.0.5 Safari/537.77.4"""
241,2018-11-15 19:22:32.0,44,paid,SOAKYDR12A6D4F7800,AREACYD1187FB566DE,619,"Waterloo-Cedar Falls, IA",Mozilla/5.0 (Macintosh; Intel Mac OS X 10.9; rv:31.0) Gecko/20100101 Firefox/31.0
245,2018-11-17 15:41:21.0,73,paid,SONQLSC12AB01816E0,ARQFJDL1187B98BF86,518,"Tampa-St. Petersburg-Clearwater, FL","""Mozilla/5.0 (Macintosh; Intel Mac OS X 10_9_4) AppleWebKit/537.78.2 (KHTML, like Gecko) Version/7.0.6 Safari/537.78.2"""
249,2018-11-29 16:58:01.0,49,paid,SOGXSWA12A6D4FBC99,ARPFHN61187FB575F6,1041,"San Francisco-Oakland-Hayward, CA",Mozilla/5.0 (Windows NT 5.1; rv:31.0) Gecko/20100101 Firefox/31.0
257,2018-11-15 14:42:58.0,97,paid,SOYTFSY12A6D4FD84E,ARRFSMX1187FB39B03,605,"Lansing-East Lansing, MI","""Mozilla/5.0 (X11; Linux x86_64) AppleWebKit/537.36 (KHTML, like Gecko) Chrome/37.0.2062.94 Safari/537.36"""
259,2018-11-03 19:33:39.0,95,paid,SOYTFSY12A6D4FD84E,ARRFSMX1187FB39B03,152,"Winston-Salem, NC","""Mozilla/5.0 (iPhone; CPU iPhone OS 7_1_2 like Mac OS X) AppleWebKit/537.51.2 (KHTML, like Gecko) Version/7.0 Mobile/11D257 Safari/9537.53"""
261,2018-11-19 15:38:38.0,49,paid,SOVFUXP12AB018F6F0,ARD2NDU1187B99B615,724,"San Francisco-Oakland-Hayward, CA",Mozilla/5.0 (Windows NT 5.1; rv:31.0) Gecko/20100101 Firefox/31.0
263,2018-11-24 05:50:21.0,88,paid,SODGSFW12A8C1337FB,ARA45QA1187FB40E80,888,"Sacramento--Roseville--Arden-Arcade, CA","""Mozilla/5.0 (Macintosh; Intel Mac OS X 10_9_4) AppleWebKit/537.36 (KHTML, like Gecko) Chrome/36.0.1985.143 Safari/537.36"""
273,2018-11-14 15:47:47.0,80,paid,SOHOVIP12A6D4F9267,ARQQ5B61187B9B4F61,574,"Portland-South Portland, ME","""Mozilla/5.0 (Macintosh; Intel Mac OS X 10_9_4) AppleWebKit/537.36 (KHTML, like Gecko) Chrome/36.0.1985.143 Safari/537.36"""
275,2018-11-13 20:13:55.0,95,paid,SOHTQAS12A6701C7BA,AR12F2S1187FB56EEF,411,"Winston-Salem, NC","""Mozilla/5.0 (iPhone; CPU iPhone OS 7_1_2 like Mac OS X) AppleWebKit/537.51.2 (KHTML, like Gecko) Version/7.0 Mobile/11D257 Safari/9537.53"""