"songplay_id","start_time","user_id","level","song_id","artist_id","session_id","location","user_agent"
0,"2018-11-11 02:33:56.796",69,"free",,,455,"Philadelphia-Camden-Wilmington, PA-NJ-DE-MD","""Mozilla/5.0 (Macintosh; Intel Mac OS X 10_9_4) AppleWebKit/537.36 (KHTML, like Gecko) Chrome/36.0.1985.125 Safari/537.36"""
1,"2018-11-11 02:36:10.796",69,"free",,,455,"Philadelphia-Camden-Wilmington, PA-NJ-DE-MD","""Mozilla/5.0 (Macintosh; Intel Mac OS X 10_9_4) AppleWebKit/537.36 (KHTML, like Gecko) Chrome/36.0.1985.125 Safari/537.36"""
2,"2018-11-11 02:40:34.796",69,"free",,,455,"Philadelphia-Camden-Wilmington, PA-NJ-DE-MD","""Mozilla/5.0 (Macintosh; Intel Mac OS X 10_9_4) AppleWebKit/537.36 (KHTML, like Gecko) Chrome/36.0.1985.125 Safari/537.36"""
4,"2018-11-11 04:36:13.796",32,"free",,,456,"New York-Newark-Jersey City, NY-NJ-PA","""Mozilla/5.0 (Windows NT 6.1; WOW64) AppleWebKit/537.36 (KHTML, like Gecko) Chrome/36.0.1985.125 Safari/537.36"""
5,"2018-11-11 04:36:46.796",75,"free",,,284,"Columbia, SC","""Mozilla/5.0 (Macintosh; Intel Mac OS X 10_9_3) AppleWebKit/537.75.14 (KHTML, like Gecko) Version/7.0.3 Safari/537.75.14"""
6,"2018-11-11 09:56:28.796",92,"free",,,328,"Palestine, TX","Mozilla/5.0 (Macintosh; Intel Mac OS X 10.9; rv:31.0) Gecko/20100101 Firefox/31.0"
7,"2018-11-11 10:00:47.796",92,"free",,,328,"Palestine, TX","Mozilla/5.0 (Macintosh; Intel Mac OS X 10.9; rv:31.0) Gecko/20100101 Firefox/31.0"
8,"2018-11-11 10:04:07.796",92,"free",,,328,"Palestine, TX","Mozilla/5.0 (Macintosh; Intel Mac OS X 10.9; rv:31.0) Gecko/20100101 Firefox/31.0"
9,"2018-11-11 10:08:28.796",92,"free",,,328,"Palestine, TX","Mozilla/5.0 (Macintosh; Intel Mac OS X 10.9; rv:31.0) Gecko/20100101 Firefox/31.0"
10,"2018-11-11 10:12:00.796",92,"free",,,328,"Palestine, TX","Mozilla/5.0 (Macintosh; Intel Mac OS X 10.9; rv:31.0) Gecko/20100101 Firefox/31.0"
12,"2018-11-11 10:27:43.796",49,"free",,,437,"San Francisco-Oakland-Hayward, CA","Mozilla/5.0 (Windows NT 5.1; rv:31.0) Gecko/20100101 Firefox/31.0"
13,"2018-11-11 10:33:44.796",49,"free",,,437,"San Francisco-Oakland-Hayward, CA","Mozilla/5.0 (Windows NT 5.1; rv:31.0) Gecko/20100101 Firefox/31.0"
14,"2018-11-11 10:36:22.796",49,"free",,,437,"San Francisco-Oakland-Hayward, CA","Mozilla/5.0 (Windows NT 5.1; rv:31.0) Gecko/20100101 Firefox/31.0"
15,"2018-11-11 10:40:14.796",49,"free",,,437,"San Francisco-Oakland-Hayward, CA","Mozilla/5.0 (Windows NT 5.1; rv:31.0) Gecko/20100101 Firefox/31.0"
16,"2018-11-11 10:43:23.796",49,"free",,,437,"San Francisco-Oakland-Hayward, CA","Mozilla/5.0 (Windows NT 5.1; rv:31.0) Gecko/20100101 Firefox/31.0"
17,"2018-11-11 10:46:18.796",49,"free",,,437,"San Francisco-Oakland-Hayward, CA","Mozilla/5.0 (Windows NT 5.1; rv:31.0) Gecko/20100101 Firefox/31.0"
23,"2018-11-11 11:14:51.796",49,"free",,,437,"San Francisco-Oakland-Hayward, CA","Mozilla/5.0 (Windows NT 5.1; rv:31.0) Gecko/20100101 Firefox/31.0"
25,"2018-11-11 13:41:22.796",49,"free",,,469,"San Francisco-Oakland-Hayward, CA","Mozilla/5.0 (Windows NT 5.1; rv:31.0) Gecko/20100101 Firefox/31.0"
27,"2018-11-11 13:52:23.796",88,"free",,,441,"Sacramento--Roseville--Arden-Arcade, CA","""Mozilla/5.0 (Macintosh; Intel Mac OS X 10_9_4) AppleWebKit/537.36 (KHTML, like Gecko) Chrome/36.0.1985.143 Safari/537.36"""
28,"2018-11-11 13:58:22.796",88,"free",,,441,"Sacramento--Roseville--Arden-Arcade, CA","""Mozilla/5.0 (Macintosh; Intel Mac OS X 10_9_4) AppleWebKit/537.36 (KHTML, like Gecko) Chrome/36.0.1985.143 Safari/537.36"""
30,"2018-11-11 14:05:43.796",96,"free",,,443,"Richmond, VA","""Mozilla/5.0 (Macintosh; Intel Mac OS X 10_9_4) AppleWebKit/537.77.4 (KHTML, like Gecko) Version/7.0.5 Safari/537.77.4"""
31,"2018-11-11 14:07:54.796",26,"free",,,452,"San Jose-Sunnyvale-Santa Clara, CA","""Mozilla/5.0 (X11; Linux x86_64) AppleWebKit/537.36 (KHTML, like Gecko) Ubuntu Chromium/36.0.1985.125 Chrome/36.0.1985.125 Safari/537.36"""
32,"2018-11-11 14:09:36.796",96,"free",,,443,"Richmond, VA","""Mozilla/5.0 (Macintosh; Intel Mac OS X 10_9_4) AppleWebKit/537.77.4 (KHTML, like Gecko) Version/7.0.5 Safari/537.77.4"""
33,"2018-11-11 14:14:29.796",96,"free",,,443,"Richmond, VA","""Mozilla/5.0 (Macintosh; Intel Mac OS X 10_9_4) AppleWebKit/537.77.4 (KHTML, like Gecko) Version/7.0.5 Safari/537.77.4"""
35,"2018-11-11 14:15:06.796",44,"paid",,,448,"Waterloo-Cedar Falls, IA","Mozilla/5.0 (Macintosh; Intel Mac OS X 10.9; rv:31.0) Gecko/20100101 Firefox/31.0"
36,"2018-11-11 14:17:52.796",96,"free",,,443,"Richmond, VA","""Mozilla/5.0 (Macintosh; Intel Mac OS X 10_9_4) AppleWebKit/537.77.4 (KHTML, like Gecko) Version/7.0.5 Safari/537.77.4"""
37,"2018-11-11 14:19:37.796",44,"paid",,,448,"Waterloo-Cedar Falls, IA","Mozilla/5.0 (Macintosh; Intel Mac OS X 10.9; rv:31.0) Gecko/20100101 Firefox/31.0"
38,"2018-11-11 14:24:58.796",44,"paid",,,448,"Waterloo-Cedar Falls, IA","Mozilla/5.0 (Macintosh; Intel Mac OS X 10.9; rv:31.0) Gecko/20100101 Firefox/31.0"
39,"2018-11-11 14:30:05.796",44,"paid",,,448,"Waterloo-Cedar Falls, IA","Mozilla/5.0 (Macintosh; Intel Mac OS X 10.9; rv:31.0) Gecko/20100101 Firefox/31.0"
40,"2018-11-11 14:33:53.796",44,"paid",,,448,"Waterloo-Cedar Falls, IA","Mozilla/5.0 (Macintosh; Intel Mac OS X 10.9; rv:31.0) Gecko/20100101 Firefox/31.0"
41,"2018-11-11 14:37:16.796",44,"paid",,,448,"Waterloo-Cedar Falls, IA","Mozilla/5.0 (Macintosh; Intel Mac OS X 10.9; rv:31.0) Gecko/20100101 Firefox/31.0"
42,"2018-11-11 14:40:58.796",44,"paid",,,448,"Waterloo-Cedar Falls, IA","Mozilla/5.0 (Macintosh; Intel Mac OS X 10.9; rv:31.0) Gecko/20100101 Firefox/31.0"
43,"2018-11-11 14:44:29.796",44,"paid",,,448,"Waterloo-Cedar Falls, IA","Mozilla/5.0 (Macintosh; Intel Mac OS X 10.9; rv:31.0) Gecko/20100101 Firefox/31.0"
44,"2018-11-11 14:47:24.796",44,"paid",,,448,"Waterloo-Cedar Falls, IA","Mozilla/5.0 (Macintosh; Intel Mac OS X 10.9; rv:31.0) Gecko/20100101 Firefox/31.0"
45,"2018-11-11 14:47:42.796",44,"paid",,,448,"Waterloo-Cedar Falls, IA","Mozilla/5.0 (Macintosh; Intel Mac OS X 10.9; rv:31.0) Gecko/20100101 Firefox/31.0"
46,"2018-11-11 14:51:55.796",44,"paid",,,448,"Waterloo-Cedar Falls, IA","Mozilla/5.0 (Macintosh; Intel Mac OS X 10.9; rv:31.0) Gecko/20100101 Firefox/31.0"
48,"2018-11-11 14:54:07.796",67,"free",,,414,"Nashville-Davidson--Murfreesboro--Franklin, TN","""Mozilla/5.0 (Macintosh; Intel Mac OS X 10_9_4) AppleWebKit/537.36 (KHTML, like Gecko) Chrome/36.0.1985.125 Safari/537.36"""
49,"2018-11-11 14:56:21.796",44,"paid",,,448,"Waterloo-Cedar Falls, IA","Mozilla/5.0 (Macintosh; Intel Mac OS X 10.9; rv:31.0) Gecko/20100101 Firefox/31.0"
50,"2018-11-11 14:57:24.796",67,"free",,,414,"Nashville-Davidson--Murfreesboro--Franklin, TN","""Mozilla/5.0 (Macintosh; Intel Mac OS X 10_9_4) AppleWebKit/537.36 (KHTML, like Gecko) Chrome/36.0.1985.125 Safari/537.36"""
52,"2018-11-11 15:00:12.796",44,"paid",,,448,"Waterloo-Cedar Falls, IA","Mozilla/5.0 (Macintosh; Intel Mac OS X 10.9; rv:31.0) Gecko/20100101 Firefox/31.0"
54,"2018-11-11 15:00:37.796",67,"free",,,414,"Nashville-Davidson--Murfreesboro--Franklin, TN","""Mozilla/5.0 (Macintosh; Intel Mac OS X 10_9_4) AppleWebKit/537.36 (KHTML, like Gecko) Chrome/36.0.1985.125 Safari/537.36"""
29,"2018-11-23 04:06:21.796",16,"paid",,,617,"Birmingham-Hoover, AL","""Mozilla/5.0 (Macintosh; Intel Mac OS X 10_9_4) AppleWebKit/537.77.4 (KHTML, like Gecko) Version/7.0.5 Safari/537.77.4"""
55,"2018-11-11 15:04:26.796",67,"free",,,414,"Nashville-Davidson--Murfreesboro--Franklin, TN","""Mozilla/5.0 (Macintosh; Intel Mac OS X 10_9_4) AppleWebKit/537.36 (KHTML, like Gecko) Chrome/36.0.1985.125 Safari/537.36"""
56,"2018-11-11 15:07:26.796",67,"free",,,414,"Nashville-Davidson--Murfreesboro--Franklin, TN","""Mozilla/5.0 (Macintosh; Intel Mac OS X 10_9_4) AppleWebKit/537.36 (KHTML, like Gecko) Chrome/36.0.1985.125 Safari/537.36"""
57,"2018-11-11 15:10:12.796",67,"free",,,414,"Nashville-Davidson--Murfreesboro--Franklin, TN","""Mozilla/5.0 (Macintosh; Intel Mac OS X 10_9_4) AppleWebKit/537.36 (KHTML, like Gecko) Chrome/36.0.1985.125 Safari/537.36"""
58,"2018-11-11 15:14:56.796",67,"free",,,414,"Nashville-Davidson--Murfreesboro--Franklin, TN","""Mozilla/5.0 (Macintosh; Intel Mac OS X 10_9_4) AppleWebKit/537.36 (KHTML, like Gecko) Chrome/36.0.1985.125 Safari/537.36"""
59,"2018-11-11 16:01:19.796",62,"free",,,218,"Houston-The Woodlands-Sugar Land, TX","""Mozilla/5.0 (Macintosh; Intel Mac OS X 10_10) AppleWebKit/538.46 (KHTML, like Gecko) Version/8.0 Safari/538.46"""
60,"2018-11-11 16:05:35.796",62,"free",,,218,"Houston-The Woodlands-Sugar Land, TX","""Mozilla/5.0 (Macintosh; Intel Mac OS X 10_10) AppleWebKit/538.46 (KHTML, like Gecko) Version/8.0 Safari/538.46"""
61,"2018-11-11 16:09:12.796",62,"free",,,218,"Houston-The Woodlands-Sugar Land, TX","""Mozilla/5.0 (Macintosh; Intel Mac OS X 10_10) AppleWebKit/538.46 (KHTML, like Gecko) Version/8.0 Safari/538.46"""
62,"2018-11-11 16:13:43.796",62,"free",,,218,"Houston-The Woodlands-Sugar Land, TX","""Mozilla/5.0 (Macintosh; Intel Mac OS X 10_10) AppleWebKit/538.46 (KHTML, like Gecko) Version/8.0 Safari/538.46"""
65,"2018-11-11 18:08:33.796",14,"free",,,462,"Red Bluff, CA","Mozilla/5.0 (Windows NT 6.1; WOW64; rv:31.0) Gecko/20100101 Firefox/31.0"
67,"2018-11-11 18:48:12.796",26,"free",,,472,"San Jose-Sunnyvale-Santa Clara, CA","""Mozilla/5.0 (X11; Linux x86_64) AppleWebKit/537.36 (KHTML, like Gecko) Ubuntu Chromium/36.0.1985.125 Chrome/36.0.1985.125 Safari/537.36"""
69,"2018-11-11 18:49:01.796",16,"free",,,446,"Birmingham-Hoover, AL","""Mozilla/5.0 (Macintosh; Intel Mac OS X 10_9_4) AppleWebKit/537.77.4 (KHTML, like Gecko) Version/7.0.5 Safari/537.77.4"""
70,"2018-11-11 18:51:56.796",26,"free",,,472,"San Jose-Sunnyvale-Santa Clara, CA","""Mozilla/5.0 (X11; Linux x86_64) AppleWebKit/537.36 (KHTML, like Gecko) Ubuntu Chromium/36.0.1985.125 Chrome/36.0.1985.125 Safari/537.36"""
71,"2018-11-11 18:53:36.796",16,"free",,,446,"Birmingham-Hoover, AL","""Mozilla/5.0 (Macintosh; Intel Mac OS X 10_9_4) AppleWebKit/537.77.4 (KHTML, like Gecko) Version/7.0.5 Safari/537.77.4"""
72,"2018-11-11 18:54:46.796",26,"free",,,472,"San Jose-Sunnyvale-Santa Clara, CA","""Mozilla/5.0 (X11; Linux x86_64) AppleWebKit/537.36 (KHTML, like Gecko) Ubuntu Chromium/36.0.1985.125 Chrome/36.0.1985.125 Safari/537.36"""
76,"2018-11-11 19:41:45.796",80,"paid",,,435,"Portland-South Portland, ME","""Mozilla/5.0 (Macintosh; Intel Mac OS X 10_9_4) AppleWebKit/537.36 (KHTML, like Gecko) Chrome/36.0.1985.143 Safari/537.36"""
77,"2018-11-11 19:45:25.796",80,"paid",,,435,"Portland-South Portland, ME","""Mozilla/5.0 (Macintosh; Intel Mac OS X 10_9_4) AppleWebKit/537.36 (KHTML, like Gecko) Chrome/36.0.1985.143 Safari/537.36"""
78,"2018-11-11 19:48:53.796",80,"paid",,,435,"Portland-South Portland, ME","""Mozilla/5.0 (Macintosh; Intel Mac OS X 10_9_4) AppleWebKit/537.36 (KHTML, like Gecko) Chrome/36.0.1985.143 Safari/537.36"""
80,"2018-11-11 19:56:23.796",80,"paid",,,435,"Portland-South Portland, ME","""Mozilla/5.0 (Macintosh; Intel Mac OS X 10_9_4) AppleWebKit/537.36 (KHTML, like Gecko) Chrome/36.0.1985.143 Safari/537.36"""
81,"2018-11-11 19:59:18.796",80,"paid",,,435,"Portland-South Portland, ME","""Mozilla/5.0 (Macintosh; Intel Mac OS X 10_9_4) AppleWebKit/537.36 (KHTML, like Gecko) Chrome/36.0.1985.143 Safari/537.36"""
82,"2018-11-11 20:03:09.796",80,"paid",,,435,"Portland-South Portland, ME","""Mozilla/5.0 (Macintosh; Intel Mac OS X 10_9_4) AppleWebKit/537.36 (KHTML, like Gecko) Chrome/36.0.1985.143 Safari/537.36"""
83,"2018-11-11 20:06:02.796",80,"paid",,,435,"Portland-South Portland, ME","""Mozilla/5.0 (Macintosh; Intel Mac OS X 10_9_4) AppleWebKit/537.36 (KHTML, like Gecko) Chrome/36.0.1985.143 Safari/537.36"""
84,"2018-11-11 20:08:52.796",80,"paid",,,435,"Portland-South Portland, ME","""Mozilla/5.0 (Macintosh; Intel Mac OS X 10_9_4) AppleWebKit/537.36 (KHTML, like Gecko) Chrome/36.0.1985.143 Safari/537.36"""
85,"2018-11-11 20:13:22.796",80,"paid",,,435,"Portland-South Portland, ME","""Mozilla/5.0 (Macintosh; Intel Mac OS X 10_9_4) AppleWebKit/537.36 (KHTML, like Gecko) Chrome/36.0.1985.143 Safari/537.36"""
86,"2018-11-11 20:15:55.796",80,"paid",,,435,"Portland-South Portland, ME","""Mozilla/5.0 (Macintosh; Intel Mac OS X 10_9_4) AppleWebKit/537.36 (KHTML, like Gecko) Chrome/36.0.1985.143 Safari/537.36"""
87,"2018-11-11 20:19:18.796",80,"paid",,,435,"Portland-South Portland, ME","""Mozilla/5.0 (Macintosh; Intel Mac OS X 10_9_4) AppleWebKit/537.36 (KHTML, like Gecko) Chrome/36.0.1985.143 Safari/537.36"""
88,"2018-11-11 20:22:03.796",80,"paid",,,435,"Portland-South Portland, ME","""Mozilla/5.0 (Macintosh; Intel Mac OS X 10_9_4) AppleWebKit/537.36 (KHTML, like Gecko) Chrome/36.0.1985.143 Safari/537.36"""
89,"2018-11-11 20:25:40.796",80,"paid",,,435,"Portland-South Portland, ME","""Mozilla/5.0 (Macintosh; Intel Mac OS X 10_9_4) AppleWebKit/537.36 (KHTML, like Gecko) Chrome/36.0.1985.143 Safari/537.36"""
90,"2018-11-11 21:09:28.796",35,"free",,,464,"St. Louis, MO-IL","""Mozilla/5.0 (X11; Linux x86_64) AppleWebKit/537.36 (KHTML, like Gecko) Chrome/37.0.2062.94 Safari/537.36"""
91,"2018-11-11 21:13:48.796",35,"free",,,464,"St. Louis, MO-IL","""Mozilla/5.0 (X11; Linux x86_64) AppleWebKit/537.36 (KHTML, like Gecko) Chrome/37.0.2062.94 Safari/537.36"""
92,"2018-11-11 21:17:29.796",35,"free",,,464,"St. Louis, MO-IL","""Mozilla/5.0 (X11; Linux x86_64) AppleWebKit/537.36 (KHTML, like Gecko) Chrome/37.0.2062.94 Safari/537.36"""
93,"2018-11-11 23:39:00.796",26,"free",,,480,"San Jose-Sunnyvale-Santa Clara, CA","""Mozilla/5.0 (X11; Linux x86_64) AppleWebKit/537.36 (KHTML, like Gecko) Ubuntu Chromium/36.0.1985.125 Chrome/36.0.1985.125 Safari/537.36"""
94,"2018-11-11 23:42:28.796",26,"free",,,480,"San Jose-Sunnyvale-Santa Clara, CA","""Mozilla/5.0 (X11; Linux x86_64) AppleWebKit/537.36 (KHTML, like Gecko) Ubuntu Chromium/36.0.1985.125 Chrome/36.0.1985.125 Safari/537.36"""
3,"2018-11-23 00:17:16.796",66,"free",,,815,"Harrisburg-Carlisle, PA","""Mozilla/5.0 (Macintosh; Intel Mac OS X 10_9_4) AppleWebKit/537.36 (KHTML, like Gecko) Chrome/36.0.1985.125 Safari/537.36"""
22,"2018-11-23 02:35:36.796",26,"free",,,845,"San Jose-Sunnyvale-Santa Clara, CA","""Mozilla/5.0 (X11; Linux x86_64) AppleWebKit/537.36 (KHTML, like Gecko) Ubuntu Chromium/36.0.1985.125 Chrome/36.0.1985.125 Safari/537.36"""
24,"2018-11-23 03:48:24.796",16,"paid",,,617,"Birmingham-Hoover, AL","""Mozilla/5.0 (Macintosh; Intel Mac OS X 10_9_4) AppleWebKit/537.77.4 (KHTML, like Gecko) Version/7.0.5 Safari/537.77.4"""
26,"2018-11-23 03:57:58.796",16,"paid",,,617,"Birmingham-Hoover, AL","""Mozilla/5.0 (Macintosh; Intel Mac OS X 10_9_4) AppleWebKit/537.77.4 (KHTML, like Gecko) Version/7.0.5 Safari/537.77.4"""
34,"2018-11-23 06:09:06.796",66,"free",,,850,"Harrisburg-Carlisle, PA","""Mozilla/5.0 (Macintosh; Intel Mac OS X 10_9_4) AppleWebKit/537.36 (KHTML, like Gecko) Chrome/36.0.1985.125 Safari/537.36"""
47,"2018-11-23 07:55:00.796",94,"free",,,755,"Ogden-Clearfield, UT","Mozilla/5.0 (Windows NT 6.1; WOW64; rv:32.0) Gecko/20100101 Firefox/32.0"
51,"2018-11-23 10:39:09.796",98,"free",,,357,"Philadelphia-Camden-Wilmington, PA-NJ-DE-MD","""Mozilla/5.0 (Macintosh; Intel Mac OS X 10_9_4) AppleWebKit/537.36 (KHTML, like Gecko) Chrome/36.0.1985.143 Safari/537.36"""
53,"2018-11-23 10:57:19.796",90,"free",,,745,"Pensacola-Ferry Pass-Brent, FL","Mozilla/5.0 (X11; Linux x86_64; rv:31.0) Gecko/20100101 Firefox/31.0"
64,"2018-11-23 11:37:44.796",16,"paid",,,854,"Birmingham-Hoover, AL","""Mozilla/5.0 (Macintosh; Intel Mac OS X 10_9_4) AppleWebKit/537.77.4 (KHTML, like Gecko) Version/7.0.5 Safari/537.77.4"""
66,"2018-11-23 11:42:52.796",80,"paid",,,848,"Portland-South Portland, ME","""Mozilla/5.0 (Macintosh; Intel Mac OS X 10_9_4) AppleWebKit/537.36 (KHTML, like Gecko) Chrome/36.0.1985.143 Safari/537.36"""
73,"2018-11-23 11:54:21.796",16,"paid",,,854,"Birmingham-Hoover, AL","""Mozilla/5.0 (Macintosh; Intel Mac OS X 10_9_4) AppleWebKit/537.77.4 (KHTML, like Gecko) Version/7.0.5 Safari/537.77.4"""
74,"2018-11-23 11:59:10.796",16,"paid",,,854,"Birmingham-Hoover, AL","""Mozilla/5.0 (Macintosh; Intel Mac OS X 10_9_4) AppleWebKit/537.77.4 (KHTML, like Gecko) Version/7.0.5 Safari/537.77.4"""
75,"2018-11-23 12:01:25.796",80,"paid",,,848,"Portland-South Portland, ME","""Mozilla/5.0 (Macintosh; Intel Mac OS X 10_9_4) AppleWebKit/537.36 (KHTML, like Gecko) Chrome/36.0.1985.143 Safari/537.36"""
79,"2018-11-23 12:08:33.796",80,"paid",,,848,"Portland-South Portland, ME","""Mozilla/5.0 (Macintosh; Intel Mac OS X 10_9_4) AppleWebKit/537.36 (KHTML, like Gecko) Chrome/36.0.1985.143 Safari/537.36"""
95,"2018-11-23 12:46:24.796",80,"paid",,,848,"Portland-South Portland, ME","""Mozilla/5.0 (Macintosh; Intel Mac OS X 10_9_4) AppleWebKit/537.36 (KHTML, like Gecko) Chrome/36.0.1985.143 Safari/537.36"""
96,"2018-11-23 12:50:21.796",16,"paid",,,854,"Birmingham-Hoover, AL","""Mozilla/5.0 (Macintosh; Intel Mac OS X 10_9_4) AppleWebKit/537.77.4 (KHTML, like Gecko) Version/7.0.5 Safari/537.77.4"""
97,"2018-11-23 12:50:45.796",80,"paid",,,848,"Portland-South Portland, ME","""Mozilla/5.0 (Macintosh; Intel Mac OS X 10_9_4) AppleWebKit/537.36 (KHTML, like Gecko) Chrome/36.0.1985.143 Safari/537.36"""
98,"2018-11-23 12:51:36.796",86,"free",,,760,"La Crosse-Onalaska, WI-MN","""Mozilla/5.0 (Macintosh; Intel Mac OS X 10_9_4) AppleWebKit/537.36 (KHTML, like Gecko) Chrome/37.0.2062.94 Safari/537.36"""
99,"2018-11-23 12:52:33.796",26,"free",,,853,"San Jose-Sunnyvale-Santa Clara, CA","""Mozilla/5.0 (X11; Linux x86_64) AppleWebKit/537.36 (KHTML, like Gecko) Ubuntu Chromium/36.0.1985.125 Chrome/36.0.1985.125 Safari/537.36"""
100,"2018-11-23 12:54:29.796",86,"free",,,760,"La Crosse-Onalaska, WI-MN","""Mozilla/5.0 (Macintosh; Intel Mac OS X 10_9_4) AppleWebKit/537.36 (KHTML, like Gecko) Chrome/37.0.2062.94 Safari/537.36"""
101,"2018-11-23 12:54:50.796",16,"paid",,,854,"Birmingham-Hoover, AL","""Mozilla/5.0 (Macintosh; Intel Mac OS X 10_9_4) AppleWebKit/537.77.4 (KHTML, like Gecko) Version/7.0.5 Safari/537.77.4"""
102,"2018-11-23 12:58:04.796",80,"paid",,,848,"Portland-South Portland, ME","""Mozilla/5.0 (Macintosh; Intel Mac OS X 10_9_4) AppleWebKit/537.36 (KHTML, like Gecko) Chrome/36.0.1985.143 Safari/537.36"""
106,"2018-11-23 13:04:00.796",16,"paid",,,854,"Birmingham-Hoover, AL","""Mozilla/5.0 (Macintosh; Intel Mac OS X 10_9_4) AppleWebKit/537.77.4 (KHTML, like Gecko) Version/7.0.5 Safari/537.77.4"""
110,"2018-11-23 14:25:06.796",26,"free",,,868,"San Jose-Sunnyvale-Santa Clara, CA","""Mozilla/5.0 (X11; Linux x86_64) AppleWebKit/537.36 (KHTML, like Gecko) Ubuntu Chromium/36.0.1985.125 Chrome/36.0.1985.125 Safari/537.36"""
111,"2018-11-23 14:27:50.796",40,"free",,,798,"Oxnard-Thousand Oaks-Ventura, CA","""Mozilla/5.0 (Macintosh; Intel Mac OS X 10_9_4) AppleWebKit/537.77.4 (KHTML, like Gecko) Version/7.0.5 Safari/537.77.4"""
117,"2018-11-23 14:38:54.796",30,"paid",,,691,"San Jose-Sunnyvale-Santa Clara, CA","Mozilla/5.0 (Windows NT 6.1; WOW64; rv:31.0) Gecko/20100101 Firefox/31.0"
118,"2018-11-23 14:41:51.796",60,"free",,,765,"Tampa-St. Petersburg-Clearwater, FL","Mozilla/5.0 (Windows NT 6.1; WOW64; rv:31.0) Gecko/20100101 Firefox/31.0"
119,"2018-11-23 14:41:51.796",30,"paid",,,691,"San Jose-Sunnyvale-Santa Clara, CA","Mozilla/5.0 (Windows NT 6.1; WOW64; rv:31.0) Gecko/20100101 Firefox/31.0"
120,"2018-11-23 14:45:52.796",30,"paid",,,691,"San Jose-Sunnyvale-Santa Clara, CA","Mozilla/5.0 (Windows NT 6.1; WOW64; rv:31.0) Gecko/20100101 Firefox/31.0"
121,"2018-11-23 14:47:49.796",60,"free",,,765,"Tampa-St. Petersburg-Clearwater, FL","Mozilla/5.0 (Windows NT 6.1; WOW64; rv:31.0) Gecko/20100101 Firefox/31.0"
122,"2018-11-23 14:50:26.796",30,"paid",,,691,"San Jose-Sunnyvale-Santa Clara, CA","Mozilla/5.0 (Windows NT 6.1; WOW64; rv:31.0) Gecko/20100101 Firefox/31.0"
123,"2018-11-23 14:53:55.796",30,"paid",,,691,"San Jose-Sunnyvale-Santa Clara, CA","Mozilla/5.0 (Windows NT 6.1; WOW64; rv:31.0) Gecko/20100101 Firefox/31.0"
125,"2018-11-23 15:00:59.796",61,"free",,,748,"Houston-The Woodlands-Sugar Land, TX","""Mozilla/5.0 (Macintosh; Intel Mac OS X 10_9_4) AppleWebKit/537.77.4 (KHTML, like Gecko) Version/7.0.5 Safari/537.77.4"""
126,"2018-11-23 15:03:03.796",30,"paid",,,691,"San Jose-Sunnyvale-Santa Clara, CA","Mozilla/5.0 (Windows NT 6.1; WOW64; rv:31.0) Gecko/20100101 Firefox/31.0"
127,"2018-11-23 15:04:41.796",30,"paid",,,691,"San Jose-Sunnyvale-Santa Clara, CA","Mozilla/5.0 (Windows NT 6.1; WOW64; rv:31.0) Gecko/20100101 Firefox/31.0"
128,"2018-11-23 15:08:53.796",30,"paid",,,691,"San Jose-Sunnyvale-Santa Clara, CA","Mozilla/5.0 (Windows NT 6.1; WOW64; rv:31.0) Gecko/20100101 Firefox/31.0"
129,"2018-11-23 15:12:16.796",30,"paid",,,691,"San Jose-Sunnyvale-Santa Clara, CA","Mozilla/5.0 (Windows NT 6.1; WOW64; rv:31.0) Gecko/20100101 Firefox/31.0"
130,"2018-11-23 15:15:13.796",30,"paid",,,691,"San Jose-Sunnyvale-Santa Clara, CA","Mozilla/5.0 (Windows NT 6.1; WOW64; rv:31.0) Gecko/20100101 Firefox/31.0"
136,"2018-11-23 15:17:23.796",24,"paid",,,809,"Lake Havasu City-Kingman, AZ","""Mozilla/5.0 (Windows NT 6.1; WOW64) AppleWebKit/537.36 (KHTML, like Gecko) Chrome/36.0.1985.125 Safari/537.36"""
137,"2018-11-23 15:17:30.796",30,"paid",,,691,"San Jose-Sunnyvale-Santa Clara, CA","Mozilla/5.0 (Windows NT 6.1; WOW64; rv:31.0) Gecko/20100101 Firefox/31.0"
138,"2018-11-23 15:21:17.796",30,"paid",,,691,"San Jose-Sunnyvale-Santa Clara, CA","Mozilla/5.0 (Windows NT 6.1; WOW64; rv:31.0) Gecko/20100101 Firefox/31.0"
139,"2018-11-23 15:21:21.796",24,"paid",,,809,"Lake Havasu City-Kingman, AZ","""Mozilla/5.0 (Windows NT 6.1; WOW64) AppleWebKit/537.36 (KHTML, like Gecko) Chrome/36.0.1985.125 Safari/537.36"""
140,"2018-11-23 15:27:46.796",24,"paid",,,809,"Lake Havasu City-Kingman, AZ","""Mozilla/5.0 (Windows NT 6.1; WOW64) AppleWebKit/537.36 (KHTML, like Gecko) Chrome/36.0.1985.125 Safari/537.36"""
141,"2018-11-23 15:28:12.796",30,"paid",,,691,"San Jose-Sunnyvale-Santa Clara, CA","Mozilla/5.0 (Windows NT 6.1; WOW64; rv:31.0) Gecko/20100101 Firefox/31.0"
142,"2018-11-23 15:29:23.796",53,"free",,,860,"Klamath Falls, OR","""Mozilla/5.0 (Windows NT 6.1; WOW64) AppleWebKit/537.36 (KHTML, like Gecko) Chrome/37.0.2062.103 Safari/537.36"""
143,"2018-11-23 15:29:46.796",24,"paid",,,809,"Lake Havasu City-Kingman, AZ","""Mozilla/5.0 (Windows NT 6.1; WOW64) AppleWebKit/537.36 (KHTML, like Gecko) Chrome/36.0.1985.125 Safari/537.36"""
144,"2018-11-23 15:30:49.796",30,"paid",,,691,"San Jose-Sunnyvale-Santa Clara, CA","Mozilla/5.0 (Windows NT 6.1; WOW64; rv:31.0) Gecko/20100101 Firefox/31.0"
146,"2018-11-23 15:31:37.796",10,"free",,,864,"Washington-Arlington-Alexandria, DC-VA-MD-WV","""Mozilla/5.0 (Macintosh; Intel Mac OS X 10_9_4) AppleWebKit/537.77.4 (KHTML, like Gecko) Version/7.0.5 Safari/537.77.4"""
147,"2018-11-23 15:33:10.796",53,"free",,,860,"Klamath Falls, OR","""Mozilla/5.0 (Windows NT 6.1; WOW64) AppleWebKit/537.36 (KHTML, like Gecko) Chrome/37.0.2062.103 Safari/537.36"""
148,"2018-11-23 15:33:24.796",24,"paid",,,809,"Lake Havasu City-Kingman, AZ","""Mozilla/5.0 (Windows NT 6.1; WOW64) AppleWebKit/537.36 (KHTML, like Gecko) Chrome/36.0.1985.125 Safari/537.36"""
149,"2018-11-23 15:37:12.796",30,"paid",,,691,"San Jose-Sunnyvale-Santa Clara, CA","Mozilla/5.0 (Windows NT 6.1; WOW64; rv:31.0) Gecko/20100101 Firefox/31.0"
150,"2018-11-23 15:41:18.796",30,"paid",,,691,"San Jose-Sunnyvale-Santa Clara, CA","Mozilla/5.0 (Windows NT 6.1; WOW64; rv:31.0) Gecko/20100101 Firefox/31.0"
151,"2018-11-23 15:44:29.796",58,"paid",,,852,"Augusta-Richmond County, GA-SC","""Mozilla/5.0 (Windows NT 6.3; WOW64) AppleWebKit/537.36 (KHTML, like Gecko) Chrome/36.0.1985.125 Safari/537.36"""
152,"2018-11-23 15:45:35.796",30,"paid",,,691,"San Jose-Sunnyvale-Santa Clara, CA","Mozilla/5.0 (Windows NT 6.1; WOW64; rv:31.0) Gecko/20100101 Firefox/31.0"
153,"2018-11-23 15:48:19.796",30,"paid",,,691,"San Jose-Sunnyvale-Santa Clara, CA","Mozilla/5.0 (Windows NT 6.1; WOW64; rv:31.0) Gecko/20100101 Firefox/31.0"
154,"2018-11-23 15:49:00.796",58,"paid",,,852,"Augusta-Richmond County, GA-SC","""Mozilla/5.0 (Windows NT 6.3; WOW64) AppleWebKit/537.36 (KHTML, like Gecko) Chrome/36.0.1985.125 Safari/537.36"""
155,"2018-11-23 15:52:34.796",88,"paid",,,812,"Sacramento--Roseville--Arden-Arcade, CA","""Mozilla/5.0 (Macintosh; Intel Mac OS X 10_9_4) AppleWebKit/537.36 (KHTML, like Gecko) Chrome/36.0.1985.143 Safari/537.36"""
156,"2018-11-23 15:52:40.796",58,"paid",,,852,"Augusta-Richmond County, GA-SC","""Mozilla/5.0 (Windows NT 6.3; WOW64) AppleWebKit/537.36 (KHTML, like Gecko) Chrome/36.0.1985.125 Safari/537.36"""
157,"2018-11-23 15:53:50.796",88,"paid",,,812,"Sacramento--Roseville--Arden-Arcade, CA","""Mozilla/5.0 (Macintosh; Intel Mac OS X 10_9_4) AppleWebKit/537.36 (KHTML, like Gecko) Chrome/36.0.1985.143 Safari/537.36"""
159,"2018-11-23 15:54:24.796",30,"paid",,,691,"San Jose-Sunnyvale-Santa Clara, CA","Mozilla/5.0 (Windows NT 6.1; WOW64; rv:31.0) Gecko/20100101 Firefox/31.0"
160,"2018-11-23 15:56:47.796",58,"paid",,,852,"Augusta-Richmond County, GA-SC","""Mozilla/5.0 (Windows NT 6.3; WOW64) AppleWebKit/537.36 (KHTML, like Gecko) Chrome/36.0.1985.125 Safari/537.36"""
161,"2018-11-23 15:57:30.796",88,"paid",,,812,"Sacramento--Roseville--Arden-Arcade, CA","""Mozilla/5.0 (Macintosh; Intel Mac OS X 10_9_4) AppleWebKit/537.36 (KHTML, like Gecko) Chrome/36.0.1985.143 Safari/537.36"""
162,"2018-11-23 15:58:44.796",30,"paid",,,691,"San Jose-Sunnyvale-Santa Clara, CA","Mozilla/5.0 (Windows NT 6.1; WOW64; rv:31.0) Gecko/20100101 Firefox/31.0"
168,"2018-11-23 16:00:53.796",58,"paid",,,852,"Augusta-Richmond County, GA-SC","""Mozilla/5.0 (Windows NT 6.3; WOW64) AppleWebKit/537.36 (KHTML, like Gecko) Chrome/36.0.1985.125 Safari/537.36"""
169,"2018-11-23 16:00:58.796",30,"paid",,,691,"San Jose-Sunnyvale-Santa Clara, CA","Mozilla/5.0 (Windows NT 6.1; WOW64; rv:31.0) Gecko/20100101 Firefox/31.0"
170,"2018-11-23 16:00:59.796",17,"free",,,732,"Chicago-Naperville-Elgin, IL-IN-WI","""Mozilla/5.0 (Windows NT 6.1; WOW64) AppleWebKit/537.36 (KHTML, like Gecko) Chrome/36.0.1985.125 Safari/537.36"""
171,"2018-11-23 16:01:07.796",88,"paid",,,812,"Sacramento--Roseville--Arden-Arcade, CA","""Mozilla/5.0 (Macintosh; Intel Mac OS X 10_9_4) AppleWebKit/537.36 (KHTML, like Gecko) Chrome/36.0.1985.143 Safari/537.36"""
172,"2018-11-23 16:04:35.796",58,"paid",,,852,"Augusta-Richmond County, GA-SC","""Mozilla/5.0 (Windows NT 6.3; WOW64) AppleWebKit/537.36 (KHTML, like Gecko) Chrome/36.0.1985.125 Safari/537.36"""
173,"2018-11-23 16:05:27.796",30,"paid",,,691,"San Jose-Sunnyvale-Santa Clara, CA","Mozilla/5.0 (Windows NT 6.1; WOW64; rv:31.0) Gecko/20100101 Firefox/31.0"
175,"2018-11-23 16:07:13.796",88,"paid",,,812,"Sacramento--Roseville--Arden-Arcade, CA","""Mozilla/5.0 (Macintosh; Intel Mac OS X 10_9_4) AppleWebKit/537.36 (KHTML, like Gecko) Chrome/36.0.1985.143 Safari/537.36"""
177,"2018-11-23 16:08:14.796",58,"paid",,,852,"Augusta-Richmond County, GA-SC","""Mozilla/5.0 (Windows NT 6.3; WOW64) AppleWebKit/537.36 (KHTML, like Gecko) Chrome/36.0.1985.125 Safari/537.36"""
180,"2018-11-23 16:09:22.796",30,"paid",,,691,"San Jose-Sunnyvale-Santa Clara, CA","Mozilla/5.0 (Windows NT 6.1; WOW64; rv:31.0) Gecko/20100101 Firefox/31.0"
182,"2018-11-23 16:13:08.796",58,"paid",,,852,"Augusta-Richmond County, GA-SC","""Mozilla/5.0 (Windows NT 6.3; WOW64) AppleWebKit/537.36 (KHTML, like Gecko) Chrome/36.0.1985.125 Safari/537.36"""
183,"2018-11-23 16:13:10.796",30,"paid",,,691,"San Jose-Sunnyvale-Santa Clara, CA","Mozilla/5.0 (Windows NT 6.1; WOW64; rv:31.0) Gecko/20100101 Firefox/31.0"
185,"2018-11-23 16:16:50.796",88,"paid",,,812,"Sacramento--Roseville--Arden-Arcade, CA","""Mozilla/5.0 (Macintosh; Intel Mac OS X 10_9_4) AppleWebKit/537.36 (KHTML, like Gecko) Chrome/36.0.1985.143 Safari/537.36"""
187,"2018-11-23 16:16:52.796",30,"paid",,,691,"San Jose-Sunnyvale-Santa Clara, CA","Mozilla/5.0 (Windows NT 6.1; WOW64; rv:31.0) Gecko/20100101 Firefox/31.0"
188,"2018-11-23 16:17:10.796",58,"paid",,,852,"Augusta-Richmond County, GA-SC","""Mozilla/5.0 (Windows NT 6.3; WOW64) AppleWebKit/537.36 (KHTML, like Gecko) Chrome/36.0.1985.125 Safari/537.36"""
190,"2018-11-23 16:20:21.796",30,"paid",,,691,"San Jose-Sunnyvale-Santa Clara, CA","Mozilla/5.0 (Windows NT 6.1; WOW64; rv:31.0) Gecko/20100101 Firefox/31.0"
191,"2018-11-23 16:20:52.796",88,"paid",,,812,"Sacramento--Roseville--Arden-Arcade, CA","""Mozilla/5.0 (Macintosh; Intel Mac OS X 10_9_4) AppleWebKit/537.36 (KHTML, like Gecko) Chrome/36.0.1985.143 Safari/537.36"""
192,"2018-11-23 16:21:51.796",58,"paid",,,852,"Augusta-Richmond County, GA-SC","""Mozilla/5.0 (Windows NT 6.3; WOW64) AppleWebKit/537.36 (KHTML, like Gecko) Chrome/36.0.1985.125 Safari/537.36"""
193,"2018-11-23 16:22:57.796",30,"paid",,,691,"San Jose-Sunnyvale-Santa Clara, CA","Mozilla/5.0 (Windows NT 6.1; WOW64; rv:31.0) Gecko/20100101 Firefox/31.0"
194,"2018-11-23 16:24:22.796",58,"paid",,,852,"Augusta-Richmond County, GA-SC","""Mozilla/5.0 (Windows NT 6.3; WOW64) AppleWebKit/537.36 (KHTML, like Gecko) Chrome/36.0.1985.125 Safari/537.36"""
195,"2018-11-23 16:25:39.796",88,"paid",,,812,"Sacramento--Roseville--Arden-Arcade, CA","""Mozilla/5.0 (Macintosh; Intel Mac OS X 10_9_4) AppleWebKit/537.36 (KHTML, like Gecko) Chrome/36.0.1985.143 Safari/537.36"""
196,"2018-11-23 16:26:02.796",58,"paid",,,852,"Augusta-Richmond County, GA-SC","""Mozilla/5.0 (Windows NT 6.3; WOW64) AppleWebKit/537.36 (KHTML, like Gecko) Chrome/36.0.1985.125 Safari/537.36"""
197,"2018-11-23 16:26:29.796",30,"paid",,,691,"San Jose-Sunnyvale-Santa Clara, CA","Mozilla/5.0 (Windows NT 6.1; WOW64; rv:31.0) Gecko/20100101 Firefox/31.0"
198,"2018-11-23 16:29:37.796",58,"paid",,,852,"Augusta-Richmond County, GA-SC","""Mozilla/5.0 (Windows NT 6.3; WOW64) AppleWebKit/537.36 (KHTML, like Gecko) Chrome/36.0.1985.125 Safari/537.36"""
199,"2018-11-23 16:30:20.796",88,"paid",,,812,"Sacramento--Roseville--Arden-Arcade, CA","""Mozilla/5.0 (Macintosh; Intel Mac OS X 10_9_4) AppleWebKit/537.36 (KHTML, like Gecko) Chrome/36.0.1985.143 Safari/537.36"""
200,"2018-11-23 16:30:59.796",30,"paid",,,691,"San Jose-Sunnyvale-Santa Clara, CA","Mozilla/5.0 (Windows NT 6.1; WOW64; rv:31.0) Gecko/20100101 Firefox/31.0"
201,"2018-11-23 16:32:34.796",88,"paid",,,812,"Sacramento--Roseville--Arden-Arcade, CA","""Mozilla/5.0 (Macintosh; Intel Mac OS X 10_9_4) AppleWebKit/537.36 (KHTML, like Gecko) Chrome/36.0.1985.143 Safari/537.36"""
202,"2018-11-23 16:33:03.796",58,"paid",,,852,"Augusta-Richmond County, GA-SC","""Mozilla/5.0 (Windows NT 6.3; WOW64) AppleWebKit/537.36 (KHTML, like Gecko) Chrome/36.0.1985.125 Safari/537.36"""
203,"2018-11-23 16:34:48.796",30,"paid",,,691,"San Jose-Sunnyvale-Santa Clara, CA","Mozilla/5.0 (Windows NT 6.1; WOW64; rv:31.0) Gecko/20100101 Firefox/31.0"
204,"2018-11-23 16:35:35.796",88,"paid",,,812,"Sacramento--Roseville--Arden-Arcade, CA","""Mozilla/5.0 (Macintosh; Intel Mac OS X 10_9_4) AppleWebKit/537.36 (KHTML, like Gecko) Chrome/36.0.1985.143 Safari/537.36"""
205,"2018-11-23 16:36:59.796",58,"paid",,,852,"Augusta-Richmond County, GA-SC","""Mozilla/5.0 (Windows NT 6.3; WOW64) AppleWebKit/537.36 (KHTML, like Gecko) Chrome/36.0.1985.125 Safari/537.36"""
207,"2018-11-23 16:38:06.796",30,"paid",,,691,"San Jose-Sunnyvale-Santa Clara, CA","Mozilla/5.0 (Windows NT 6.1; WOW64; rv:31.0) Gecko/20100101 Firefox/31.0"
208,"2018-11-23 16:41:23.796",88,"paid",,,812,"Sacramento--Roseville--Arden-Arcade, CA","""Mozilla/5.0 (Macintosh; Intel Mac OS X 10_9_4) AppleWebKit/537.36 (KHTML, like Gecko) Chrome/36.0.1985.143 Safari/537.36"""
209,"2018-11-23 16:42:35.796",58,"paid",,,852,"Augusta-Richmond County, GA-SC","""Mozilla/5.0 (Windows NT 6.3; WOW64) AppleWebKit/537.36 (KHTML, like Gecko) Chrome/36.0.1985.125 Safari/537.36"""
211,"2018-11-23 16:44:59.796",58,"paid",,,852,"Augusta-Richmond County, GA-SC","""Mozilla/5.0 (Windows NT 6.3; WOW64) AppleWebKit/537.36 (KHTML, like Gecko) Chrome/36.0.1985.125 Safari/537.36"""
212,"2018-11-23 16:45:50.796",88,"paid",,,812,"Sacramento--Roseville--Arden-Arcade, CA","""Mozilla/5.0 (Macintosh; Intel Mac OS X 10_9_4) AppleWebKit/537.36 (KHTML, like Gecko) Chrome/36.0.1985.143 Safari/537.36"""
213,"2018-11-23 16:48:25.796",58,"paid",,,852,"Augusta-Richmond County, GA-SC","""Mozilla/5.0 (Windows NT 6.3; WOW64) AppleWebKit/537.36 (KHTML, like Gecko) Chrome/36.0.1985.125 Safari/537.36"""
214,"2018-11-23 16:50:31.796",58,"paid",,,852,"Augusta-Richmond County, GA-SC","""Mozilla/5.0 (Windows NT 6.3; WOW64) AppleWebKit/537.36 (KHTML, like Gecko) Chrome/36.0.1985.125 Safari/537.36"""
215,"2018-11-23 16:50:45.796",88,"paid",,,812,"Sacramento--Roseville--Arden-Arcade, CA","""Mozilla/5.0 (Macintosh; Intel Mac OS X 10_9_4) AppleWebKit/537.36 (KHTML, like Gecko) Chrome/36.0.1985.143 Safari/537.36"""
216,"2018-11-23 16:54:33.796",88,"paid",,,812,"Sacramento--Roseville--Arden-Arcade, CA","""Mozilla/5.0 (Macintosh; Intel Mac OS X 10_9_4) AppleWebKit/537.36 (KHTML, like Gecko) Chrome/36.0.1985.143 Safari/537.36"""
217,"2018-11-23 16:55:04.796",58,"paid",,,852,"Augusta-Richmond County, GA-SC","""Mozilla/5.0 (Windows NT 6.3; WOW64) AppleWebKit/537.36 (KHTML, like Gecko) Chrome/36.0.1985.125 Safari/537.36"""
218,"2018-11-23 16:58:57.796",88,"paid",,,812,"Sacramento--Roseville--Arden-Arcade, CA","""Mozilla/5.0 (Macintosh; Intel Mac OS X 10_9_4) AppleWebKit/537.36 (KHTML, like Gecko) Chrome/36.0.1985.143 Safari/537.36"""
219,"2018-11-23 16:59:02.796",58,"paid",,,852,"Augusta-Richmond County, GA-SC","""Mozilla/5.0 (Windows NT 6.3; WOW64) AppleWebKit/537.36 (KHTML, like Gecko) Chrome/36.0.1985.125 Safari/537.36"""
220,"2018-11-23 17:00:55.796",88,"paid",,,812,"Sacramento--Roseville--Arden-Arcade, CA","""Mozilla/5.0 (Macintosh; Intel Mac OS X 10_9_4) AppleWebKit/537.36 (KHTML, like Gecko) Chrome/36.0.1985.143 Safari/537.36"""
221,"2018-11-23 17:01:40.796",58,"paid",,,852,"Augusta-Richmond County, GA-SC","""Mozilla/5.0 (Windows NT 6.3; WOW64) AppleWebKit/537.36 (KHTML, like Gecko) Chrome/36.0.1985.125 Safari/537.36"""
223,"2018-11-23 17:05:07.796",88,"paid",,,812,"Sacramento--Roseville--Arden-Arcade, CA","""Mozilla/5.0 (Macintosh; Intel Mac OS X 10_9_4) AppleWebKit/537.36 (KHTML, like Gecko) Chrome/36.0.1985.143 Safari/537.36"""
224,"2018-11-23 17:08:27.796",32,"free",,,885,"New York-Newark-Jersey City, NY-NJ-PA","""Mozilla/5.0 (Windows NT 6.1; WOW64) AppleWebKit/537.36 (KHTML, like Gecko) Chrome/36.0.1985.125 Safari/537.36"""
225,"2018-11-23 17:08:37.796",58,"paid",,,852,"Augusta-Richmond County, GA-SC","""Mozilla/5.0 (Windows NT 6.3; WOW64) AppleWebKit/537.36 (KHTML, like Gecko) Chrome/36.0.1985.125 Safari/537.36"""
226,"2018-11-23 17:09:57.796",88,"paid",,,812,"Sacramento--Roseville--Arden-Arcade, CA","""Mozilla/5.0 (Macintosh; Intel Mac OS X 10_9_4) AppleWebKit/537.36 (KHTML, like Gecko) Chrome/36.0.1985.143 Safari/537.36"""
227,"2018-11-23 17:13:12.796",88,"paid",,,812,"Sacramento--Roseville--Arden-Arcade, CA","""Mozilla/5.0 (Macintosh; Intel Mac OS X 10_9_4) AppleWebKit/537.36 (KHTML, like Gecko) Chrome/36.0.1985.143 Safari/537.36"""
228,"2018-11-23 17:13:32.796",32,"free",,,885,"New York-Newark-Jersey City, NY-NJ-PA","""Mozilla/5.0 (Windows NT 6.1; WOW64) AppleWebKit/537.36 (KHTML, like Gecko) Chrome/36.0.1985.125 Safari/537.36"""
230,"2018-11-23 17:14:10.796",58,"paid",,,852,"Augusta-Richmond County, GA-SC","""Mozilla/5.0 (Windows NT 6.3; WOW64) AppleWebKit/537.36 (KHTML, like Gecko) Chrome/36.0.1985.125 Safari/537.36"""
231,"2018-11-23 17:15:10.796",58,"paid",,,852,"Augusta-Richmond County, GA-SC","""Mozilla/5.0 (Windows NT 6.3; WOW64) AppleWebKit/537.36 (KHTML, like Gecko) Chrome/36.0.1985.125 Safari/537.36"""
232,"2018-11-23 17:16:57.796",88,"paid",,,812,"Sacramento--Roseville--Arden-Arcade, CA","""Mozilla/5.0 (Macintosh; Intel Mac OS X 10_9_4) AppleWebKit/537.36 (KHTML, like Gecko) Chrome/36.0.1985.143 Safari/537.36"""
233,"2018-11-23 17:19:26.796",58,"paid",,,852,"Augusta-Richmond County, GA-SC","""Mozilla/5.0 (Windows NT 6.3; WOW64) AppleWebKit/537.36 (KHTML, like Gecko) Chrome/36.0.1985.125 Safari/537.36"""
234,"2018-11-23 17:23:43.796",58,"paid",,,852,"Augusta-Richmond County, GA-SC","""Mozilla/5.0 (Windows NT 6.3; WOW64) AppleWebKit/537.36 (KHTML, like Gecko) Chrome/36.0.1985.125 Safari/537.36"""
235,"2018-11-23 17:25:11.796",88,"paid",,,812,"Sacramento--Roseville--Arden-Arcade, CA","""Mozilla/5.0 (Macintosh; Intel Mac OS X 10_9_4) AppleWebKit/537.36 (KHTML, like Gecko) Chrome/36.0.1985.143 Safari/537.36"""
236,"2018-11-23 17:29:09.796",58,"paid",,,852,"Augusta-Richmond County, GA-SC","""Mozilla/5.0 (Windows NT 6.3; WOW64) AppleWebKit/537.36 (KHTML, like Gecko) Chrome/36.0.1985.125 Safari/537.36"""
237,"2018-11-23 17:30:05.796",88,"paid",,,812,"Sacramento--Roseville--Arden-Arcade, CA","""Mozilla/5.0 (Macintosh; Intel Mac OS X 10_9_4) AppleWebKit/537.36 (KHTML, like Gecko) Chrome/36.0.1985.143 Safari/537.36"""
238,"2018-11-23 17:33:00.796",58,"paid",,,852,"Augusta-Richmond County, GA-SC","""Mozilla/5.0 (Windows NT 6.3; WOW64) AppleWebKit/537.36 (KHTML, like Gecko) Chrome/36.0.1985.125 Safari/537.36"""
239,"2018-11-23 17:33:33.796",88,"paid",,,812,"Sacramento--Roseville--Arden-Arcade, CA","""Mozilla/5.0 (Macintosh; Intel Mac OS X 10_9_4) AppleWebKit/537.36 (KHTML, like Gecko) Chrome/36.0.1985.143 Safari/537.36"""
240,"2018-11-23 17:37:14.796",58,"paid",,,852,"Augusta-Richmond County, GA-SC","""Mozilla/5.0 (Windows NT 6.3; WOW64) AppleWebKit/537.36 (KHTML, like Gecko) Chrome/36.0.1985.125 Safari/537.36"""
241,"2018-11-23 17:38:06.796",88,"paid",,,812,"Sacramento--Roseville--Arden-Arcade, CA","""Mozilla/5.0 (Macintosh; Intel Mac OS X 10_9_4) AppleWebKit/537.36 (KHTML, like Gecko) Chrome/36.0.1985.143 Safari/537.36"""
242,"2018-11-23 17:40:02.796",58,"paid",,,852,"Augusta-Richmond County, GA-SC","""Mozilla/5.0 (Windows NT 6.3; WOW64) AppleWebKit/537.36 (KHTML, like Gecko) Chrome/36.0.1985.125 Safari/537.36"""
243,"2018-11-23 17:42:29.796",88,"paid",,,812,"Sacramento--Roseville--Arden-Arcade, CA","""Mozilla/5.0 (Macintosh; Intel Mac OS X 10_9_4) AppleWebKit/537.36 (KHTML, like Gecko) Chrome/36.0.1985.143 Safari/537.36"""
244,"2018-11-23 17:42:35.796",58,"paid",,,852,"Augusta-Richmond County, GA-SC","""Mozilla/5.0 (Windows NT 6.3; WOW64) AppleWebKit/537.36 (KHTML, like Gecko) Chrome/36.0.1985.125 Safari/537.36"""
245,"2018-11-23 17:47:19.796",88,"paid",,,812,"Sacramento--Roseville--Arden-Arcade, CA","""Mozilla/5.0 (Macintosh; Intel Mac OS X 10_9_4) AppleWebKit/537.36 (KHTML, like Gecko) Chrome/36.0.1985.143 Safari/537.36"""
246,"2018-11-23 17:47:21.796",58,"paid",,,852,"Augusta-Richmond County, GA-SC","""Mozilla/5.0 (Windows NT 6.3; WOW64) AppleWebKit/537.36 (KHTML, like Gecko) Chrome/36.0.1985.125 Safari/537.36"""
247,"2018-11-23 17:50:28.796",88,"paid",,,812,"Sacramento--Roseville--Arden-Arcade, CA","""Mozilla/5.0 (Macintosh; Intel Mac OS X 10_9_4) AppleWebKit/537.36 (KHTML, like Gecko) Chrome/36.0.1985.143 Safari/537.36"""
248,"2018-11-23 17:51:33.796",88,"paid",,,812,"Sacramento--Roseville--Arden-Arcade, CA","""Mozilla/5.0 (Macintosh; Intel Mac OS X 10_9_4) AppleWebKit/537.36 (KHTML, like Gecko) Chrome/36.0.1985.143 Safari/537.36"""
249,"2018-11-23 17:55:18.796",88,"paid",,,812,"Sacramento--Roseville--Arden-Arcade, CA","""Mozilla/5.0 (Macintosh; Intel Mac OS X 10_9_4) AppleWebKit/537.36 (KHTML, like Gecko) Chrome/36.0.1985.143 Safari/537.36"""
250,"2018-11-23 17:58:48.796",88,"paid",,,812,"Sacramento--Roseville--Arden-Arcade, CA","""Mozilla/5.0 (Macintosh; Intel Mac OS X 10_9_4) AppleWebKit/537.36 (KHTML, like Gecko) Chrome/36.0.1985.143 Safari/537.36"""
251,"2018-11-23 18:03:13.796",88,"paid",,,812,"Sacramento--Roseville--Arden-Arcade, CA","""Mozilla/5.0 (Macintosh; Intel Mac OS X 10_9_4) AppleWebKit/537.36 (KHTML, like Gecko) Chrome/36.0.1985.143 Safari/537.36"""
252,"2018-11-23 18:11:01.796",86,"free",,,869,"La Crosse-Onalaska, WI-MN","""Mozilla/5.0 (Macintosh; Intel Mac OS X 10_9_4) AppleWebKit/537.36 (KHTML, like Gecko) Chrome/37.0.2062.94 Safari/537.36"""
253,"2018-11-23 18:17:56.796",86,"free",,,869,"La Crosse-Onalaska, WI-MN","""Mozilla/5.0 (Macintosh; Intel Mac OS X 10_9_4) AppleWebKit/537.36 (KHTML, like Gecko) Chrome/37.0.2062.94 Safari/537.36"""
254,"2018-11-23 18:20:07.796",86,"free",,,869,"La Crosse-Onalaska, WI-MN","""Mozilla/5.0 (Macintosh; Intel Mac OS X 10_9_4) AppleWebKit/537.36 (KHTML, like Gecko) Chrome/37.0.2062.94 Safari/537.36"""
255,"2018-11-23 18:28:21.796",86,"free",,,869,"La Crosse-Onalaska, WI-MN","""Mozilla/5.0 (Macintosh; Intel Mac OS X 10_9_4) AppleWebKit/537.36 (KHTML, like Gecko) Chrome/37.0.2062.94 Safari/537.36"""
257,"2018-11-23 19:17:50.796",85,"paid",,,793,"Red Bluff, CA","""Mozilla/5.0 (Macintosh; Intel Mac OS X 10_10_0) AppleWebKit/537.36 (KHTML, like Gecko) Chrome/36.0.1985.143 Safari/537.36"""
258,"2018-11-23 19:18:57.796",69,"free",,,858,"Philadelphia-Camden-Wilmington, PA-NJ-DE-MD","""Mozilla/5.0 (Macintosh; Intel Mac OS X 10_9_4) AppleWebKit/537.36 (KHTML, like Gecko) Chrome/36.0.1985.125 Safari/537.36"""
259,"2018-11-23 19:20:58.796",85,"paid",,,793,"Red Bluff, CA","""Mozilla/5.0 (Macintosh; Intel Mac OS X 10_10_0) AppleWebKit/537.36 (KHTML, like Gecko) Chrome/36.0.1985.143 Safari/537.36"""
260,"2018-11-23 19:24:39.796",85,"paid",,,793,"Red Bluff, CA","""Mozilla/5.0 (Macintosh; Intel Mac OS X 10_10_0) AppleWebKit/537.36 (KHTML, like Gecko) Chrome/36.0.1985.143 Safari/537.36"""
261,"2018-11-23 19:28:08.796",85,"paid",,,793,"Red Bluff, CA","""Mozilla/5.0 (Macintosh; Intel Mac OS X 10_10_0) AppleWebKit/537.36 (KHTML, like Gecko) Chrome/36.0.1985.143 Safari/537.36"""
262,"2018-11-23 19:32:31.796",85,"paid",,,793,"Red Bluff, CA","""Mozilla/5.0 (Macintosh; Intel Mac OS X 10_10_0) AppleWebKit/537.36 (KHTML, like Gecko) Chrome/36.0.1985.143 Safari/537.36"""
263,"2018-11-23 19:44:15.796",85,"paid",,,891,"Red Bluff, CA","""Mozilla/5.0 (Macintosh; Intel Mac OS X 10_10_0) AppleWebKit/537.36 (KHTML, like Gecko) Chrome/36.0.1985.143 Safari/537.36"""
264,"2018-11-23 19:47:35.796",85,"paid",,,891,"Red Bluff, CA","""Mozilla/5.0 (Macintosh; Intel Mac OS X 10_10_0) AppleWebKit/537.36 (KHTML, like Gecko) Chrome/36.0.1985.143 Safari/537.36"""
265,"2018-11-23 19:52:03.796",85,"paid",,,891,"Red Bluff, CA","""Mozilla/5.0 (Macintosh; Intel Mac OS X 10_10_0) AppleWebKit/537.36 (KHTML, like Gecko) Chrome/36.0.1985.143 Safari/537.36"""
266,"2018-11-23 19:57:02.796",85,"paid",,,891,"Red Bluff, CA","""Mozilla/5.0 (Macintosh; Intel Mac OS X 10_10_0) AppleWebKit/537.36 (KHTML, like Gecko) Chrome/36.0.1985.143 Safari/537.36"""
267,"2018-11-23 20:00:15.796",85,"paid",,,891,"Red Bluff, CA","""Mozilla/5.0 (Macintosh; Intel Mac OS X 10_10_0) AppleWebKit/537.36 (KHTML, like Gecko) Chrome/36.0.1985.143 Safari/537.36"""
268,"2018-11-23 20:04:48.796",85,"paid",,,891,"Red Bluff, CA","""Mozilla/5.0 (Macintosh; Intel Mac OS X 10_10_0) AppleWebKit/537.36 (KHTML, like Gecko) Chrome/36.0.1985.143 Safari/537.36"""
269,"2018-11-23 20:07:15.796",85,"paid",,,891,"Red Bluff, CA","""Mozilla/5.0 (Macintosh; Intel Mac OS X 10_10_0) AppleWebKit/537.36 (KHTML, like Gecko) Chrome/36.0.1985.143 Safari/537.36"""
270,"2018-11-23 20:11:29.796",85,"paid",,,891,"Red Bluff, CA","""Mozilla/5.0 (Macintosh; Intel Mac OS X 10_10_0) AppleWebKit/537.36 (KHTML, like Gecko) Chrome/36.0.1985.143 Safari/537.36"""
271,"2018-11-23 20:15:47.796",85,"paid",,,891,"Red Bluff, CA","""Mozilla/5.0 (Macintosh; Intel Mac OS X 10_10_0) AppleWebKit/537.36 (KHTML, like Gecko) Chrome/36.0.1985.143 Safari/537.36"""
272,"2018-11-23 20:18:51.796",85,"paid",,,891,"Red Bluff, CA","""Mozilla/5.0 (Macintosh; Intel Mac OS X 10_10_0) AppleWebKit/537.36 (KHTML, like Gecko) Chrome/36.0.1985.143 Safari/537.36"""
273,"2018-11-23 20:29:46.796",85,"paid",,,891,"Red Bluff, CA","""Mozilla/5.0 (Macintosh; Intel Mac OS X 10_10_0) AppleWebKit/537.36 (KHTML, like Gecko) Chrome/36.0.1985.143 Safari/537.36"""
274,"2018-11-23 20:33:44.796",85,"paid",,,891,"Red Bluff, CA","""Mozilla/5.0 (Macintosh; Intel Mac OS X 10_10_0) AppleWebKit/537.36 (KHTML, like Gecko) Chrome/36.0.1985.143 Safari/537.36"""
275,"2018-11-23 20:38:41.796",85,"paid",,,891,"Red Bluff, CA","""Mozilla/5.0 (Macintosh; Intel Mac OS X 10_10_0) AppleWebKit/537.36 (KHTML, like Gecko) Chrome/36.0.1985.143 Safari/537.36"""
276,"2018-11-23 20:40:27.796",86,"free",,,889,"La Crosse-Onalaska, WI-MN","""Mozilla/5.0 (Macintosh; Intel Mac OS X 10_9_4) AppleWebKit/537.36 (KHTML, like Gecko) Chrome/37.0.2062.94 Safari/537.36"""
277,"2018-11-23 20:43:42.796",85,"paid",,,891,"Red Bluff, CA","""Mozilla/5.0 (Macintosh; Intel Mac OS X 10_10_0) AppleWebKit/537.36 (KHTML, like Gecko) Chrome/36.0.1985.143 Safari/537.36"""
278,"2018-11-23 20:47:18.796",85,"paid",,,891,"Red Bluff, CA","""Mozilla/5.0 (Macintosh; Intel Mac OS X 10_10_0) AppleWebKit/537.36 (KHTML, like Gecko) Chrome/36.0.1985.143 Safari/537.36"""
279,"2018-11-23 20:50:30.796",85,"paid",,,891,"Red Bluff, CA","""Mozilla/5.0 (Macintosh; Intel Mac OS X 10_10_0) AppleWebKit/537.36 (KHTML, like Gecko) Chrome/36.0.1985.143 Safari/537.36"""
280,"2018-11-23 20:55:28.796",85,"paid",,,891,"Red Bluff, CA","""Mozilla/5.0 (Macintosh; Intel Mac OS X 10_10_0) AppleWebKit/537.36 (KHTML, like Gecko) Chrome/36.0.1985.143 Safari/537.36"""
282,"2018-11-23 20:59:18.796",85,"paid",,,891,"Red Bluff, CA","""Mozilla/5.0 (Macintosh; Intel Mac OS X 10_10_0) AppleWebKit/537.36 (KHTML, like Gecko) Chrome/36.0.1985.143 Safari/537.36"""
283,"2018-11-23 21:02:33.796",85,"paid",,,891,"Red Bluff, CA","""Mozilla/5.0 (Macintosh; Intel Mac OS X 10_10_0) AppleWebKit/537.36 (KHTML, like Gecko) Chrome/36.0.1985.143 Safari/537.36"""
285,"2018-11-23 21:04:22.796",85,"paid",,,891,"Red Bluff, CA","""Mozilla/5.0 (Macintosh; Intel Mac OS X 10_10_0) AppleWebKit/537.36 (KHTML, like Gecko) Chrome/36.0.1985.143 Safari/537.36"""
286,"2018-11-23 21:06:07.796",85,"paid",,,891,"Red Bluff, CA","""Mozilla/5.0 (Macintosh; Intel Mac OS X 10_10_0) AppleWebKit/537.36 (KHTML, like Gecko) Chrome/36.0.1985.143 Safari/537.36"""
287,"2018-11-23 21:10:42.796",85,"paid",,,891,"Red Bluff, CA","""Mozilla/5.0 (Macintosh; Intel Mac OS X 10_10_0) AppleWebKit/537.36 (KHTML, like Gecko) Chrome/36.0.1985.143 Safari/537.36"""
288,"2018-11-23 21:13:56.796",85,"paid",,,891,"Red Bluff, CA","""Mozilla/5.0 (Macintosh; Intel Mac OS X 10_10_0) AppleWebKit/537.36 (KHTML, like Gecko) Chrome/36.0.1985.143 Safari/537.36"""
289,"2018-11-23 21:21:12.796",85,"paid",,,891,"Red Bluff, CA","""Mozilla/5.0 (Macintosh; Intel Mac OS X 10_10_0) AppleWebKit/537.36 (KHTML, like Gecko) Chrome/36.0.1985.143 Safari/537.36"""
290,"2018-11-23 21:25:15.796",85,"paid",,,891,"Red Bluff, CA","""Mozilla/5.0 (Macintosh; Intel Mac OS X 10_10_0) AppleWebKit/537.36 (KHTML, like Gecko) Chrome/36.0.1985.143 Safari/537.36"""
291,"2018-11-23 21:28:21.796",85,"paid",,,891,"Red Bluff, CA","""Mozilla/5.0 (Macintosh; Intel Mac OS X 10_10_0) AppleWebKit/537.36 (KHTML, like Gecko) Chrome/36.0.1985.143 Safari/537.36"""
292,"2018-11-23 21:37:30.796",85,"paid",,,891,"Red Bluff, CA","""Mozilla/5.0 (Macintosh; Intel Mac OS X 10_10_0) AppleWebKit/537.36 (KHTML, like Gecko) Chrome/36.0.1985.143 Safari/537.36"""
293,"2018-11-23 21:39:49.796",85,"paid",,,891,"Red Bluff, CA","""Mozilla/5.0 (Macintosh; Intel Mac OS X 10_10_0) AppleWebKit/537.36 (KHTML, like Gecko) Chrome/36.0.1985.143 Safari/537.36"""
294,"2018-11-23 21:42:09.796",85,"paid",,,891,"Red Bluff, CA","""Mozilla/5.0 (Macintosh; Intel Mac OS X 10_10_0) AppleWebKit/537.36 (KHTML, like Gecko) Chrome/36.0.1985.143 Safari/537.36"""
298,"2018-11-23 23:08:48.796",47,"free",,,488,"New York-Newark-Jersey City, NY-NJ-PA","""Mozilla/5.0 (Macintosh; Intel Mac OS X 10_9_4) AppleWebKit/537.78.2 (KHTML, like Gecko) Version/7.0.6 Safari/537.78.2"""
11,"2018-11-18 13:23:41.796",29,"paid",,,589,"Atlanta-Sandy Springs-Roswell, GA","""Mozilla/5.0 (Macintosh; Intel Mac OS X 10_9_4) AppleWebKit/537.78.2 (KHTML, like Gecko) Version/7.0.6 Safari/537.78.2"""
18,"2018-11-18 13:44:09.796",29,"paid",,,589,"Atlanta-Sandy Springs-Roswell, GA","""Mozilla/5.0 (Macintosh; Intel Mac OS X 10_9_4) AppleWebKit/537.78.2 (KHTML, like Gecko) Version/7.0.6 Safari/537.78.2"""
19,"2018-11-18 13:46:41.796",35,"free",,,634,"St. Louis, MO-IL","""Mozilla/5.0 (X11; Linux x86_64) AppleWebKit/537.36 (KHTML, like Gecko) Chrome/37.0.2062.94 Safari/537.36"""
20,"2018-11-18 13:47:31.796",29,"paid",,,589,"Atlanta-Sandy Springs-Roswell, GA","""Mozilla/5.0 (Macintosh; Intel Mac OS X 10_9_4) AppleWebKit/537.78.2 (KHTML, like Gecko) Version/7.0.6 Safari/537.78.2"""
21,"2018-11-18 13:50:12.796",35,"free",,,634,"St. Louis, MO-IL","""Mozilla/5.0 (X11; Linux x86_64) AppleWebKit/537.36 (KHTML, like Gecko) Chrome/37.0.2062.94 Safari/537.36"""
63,"2018-11-18 16:11:11.796",29,"paid",,,589,"Atlanta-Sandy Springs-Roswell, GA","""Mozilla/5.0 (Macintosh; Intel Mac OS X 10_9_4) AppleWebKit/537.78.2 (KHTML, like Gecko) Version/7.0.6 Safari/537.78.2"""
103,"2018-11-18 18:44:19.796",29,"paid",,,589,"Atlanta-Sandy Springs-Roswell, GA","""Mozilla/5.0 (Macintosh; Intel Mac OS X 10_9_4) AppleWebKit/537.78.2 (KHTML, like Gecko) Version/7.0.6 Safari/537.78.2"""
104,"2018-11-18 18:47:45.796",29,"paid",,,589,"Atlanta-Sandy Springs-Roswell, GA","""Mozilla/5.0 (Macintosh; Intel Mac OS X 10_9_4) AppleWebKit/537.78.2 (KHTML, like Gecko) Version/7.0.6 Safari/537.78.2"""
105,"2018-11-18 18:50:23.796",29,"paid",,,589,"Atlanta-Sandy Springs-Roswell, GA","""Mozilla/5.0 (Macintosh; Intel Mac OS X 10_9_4) AppleWebKit/537.78.2 (KHTML, like Gecko) Version/7.0.6 Safari/537.78.2"""
107,"2018-11-18 19:01:09.796",29,"paid",,,589,"Atlanta-Sandy Springs-Roswell, GA","""Mozilla/5.0 (Macintosh; Intel Mac OS X 10_9_4) AppleWebKit/537.78.2 (KHTML, like Gecko) Version/7.0.6 Safari/537.78.2"""
108,"2018-11-18 19:08:52.796",29,"paid",,,589,"Atlanta-Sandy Springs-Roswell, GA","""Mozilla/5.0 (Macintosh; Intel Mac OS X 10_9_4) AppleWebKit/537.78.2 (KHTML, like Gecko) Version/7.0.6 Safari/537.78.2"""
109,"2018-11-18 19:14:14.796",29,"paid",,,589,"Atlanta-Sandy Springs-Roswell, GA","""Mozilla/5.0 (Macintosh; Intel Mac OS X 10_9_4) AppleWebKit/537.78.2 (KHTML, like Gecko) Version/7.0.6 Safari/537.78.2"""
112,"2018-11-18 19:23:53.796",77,"free",,,656,"Dallas-Fort Worth-Arlington, TX","""Mozilla/5.0 (Windows NT 6.1; WOW64) AppleWebKit/537.36 (KHTML, like Gecko) Chrome/37.0.2062.102 Safari/537.36"""
113,"2018-11-18 19:24:51.796",29,"paid",,,589,"Atlanta-Sandy Springs-Roswell, GA","""Mozilla/5.0 (Macintosh; Intel Mac OS X 10_9_4) AppleWebKit/537.78.2 (KHTML, like Gecko) Version/7.0.6 Safari/537.78.2"""
114,"2018-11-18 19:26:06.796",77,"free",,,656,"Dallas-Fort Worth-Arlington, TX","""Mozilla/5.0 (Windows NT 6.1; WOW64) AppleWebKit/537.36 (KHTML, like Gecko) Chrome/37.0.2062.102 Safari/537.36"""
115,"2018-11-18 19:29:36.796",29,"paid",,,589,"Atlanta-Sandy Springs-Roswell, GA","""Mozilla/5.0 (Macintosh; Intel Mac OS X 10_9_4) AppleWebKit/537.78.2 (KHTML, like Gecko) Version/7.0.6 Safari/537.78.2"""
116,"2018-11-18 19:32:58.796",29,"paid",,,589,"Atlanta-Sandy Springs-Roswell, GA","""Mozilla/5.0 (Macintosh; Intel Mac OS X 10_9_4) AppleWebKit/537.78.2 (KHTML, like Gecko) Version/7.0.6 Safari/537.78.2"""
131,"2018-11-18 20:17:20.796",29,"paid",,,589,"Atlanta-Sandy Springs-Roswell, GA","""Mozilla/5.0 (Macintosh; Intel Mac OS X 10_9_4) AppleWebKit/537.78.2 (KHTML, like Gecko) Version/7.0.6 Safari/537.78.2"""
134,"2018-11-18 20:23:17.796",29,"paid",,,589,"Atlanta-Sandy Springs-Roswell, GA","""Mozilla/5.0 (Macintosh; Intel Mac OS X 10_9_4) AppleWebKit/537.78.2 (KHTML, like Gecko) Version/7.0.6 Safari/537.78.2"""
135,"2018-11-18 20:28:47.796",29,"paid",,,589,"Atlanta-Sandy Springs-Roswell, GA","""Mozilla/5.0 (Macintosh; Intel Mac OS X 10_9_4) AppleWebKit/537.78.2 (KHTML, like Gecko) Version/7.0.6 Safari/537.78.2"""
68,"2018-11-04 09:58:26.796",44,"paid",,,196,"Waterloo-Cedar Falls, IA","Mozilla/5.0 (Macintosh; Intel Mac OS X 10.9; rv:31.0) Gecko/20100101 Firefox/31.0"
132,"2018-11-04 15:29:41.796",78,"free",,,176,"Indianapolis-Carmel-Anderson, IN","Mozilla/5.0 (Windows NT 6.1; rv:31.0) Gecko/20100101 Firefox/31.0"
133,"2018-11-04 15:32:23.796",74,"free",,,164,"Youngstown-Warren-Boardman, OH-PA","""Mozilla/5.0 (Windows NT 6.1; WOW64) AppleWebKit/537.36 (KHTML, like Gecko) Chrome/36.0.1985.143 Safari/537.36"""
145,"2018-11-04 17:18:41.796",33,"free",,,134,"Eugene, OR","""Mozilla/5.0 (Windows NT 6.1; WOW64) AppleWebKit/537.36 (KHTML, like Gecko) Chrome/36.0.1985.125 Safari/537.36"""
158,"2018-11-04 19:35:15.796",73,"paid",,,72,"Tampa-St. Petersburg-Clearwater, FL","""Mozilla/5.0 (Macintosh; Intel Mac OS X 10_9_4) AppleWebKit/537.78.2 (KHTML, like Gecko) Version/7.0.6 Safari/537.78.2"""
163,"2018-11-04 19:47:23.796",73,"paid",,,72,"Tampa-St. Petersburg-Clearwater, FL","""Mozilla/5.0 (Macintosh; Intel Mac OS X 10_9_4) AppleWebKit/537.78.2 (KHTML, like Gecko) Version/7.0.6 Safari/537.78.2"""
164,"2018-11-04 19:50:08.796",73,"paid",,,72,"Tampa-St. Petersburg-Clearwater, FL","""Mozilla/5.0 (Macintosh; Intel Mac OS X 10_9_4) AppleWebKit/537.78.2 (KHTML, like Gecko) Version/7.0.6 Safari/537.78.2"""
165,"2018-11-04 19:56:09.796",73,"paid",,,72,"Tampa-St. Petersburg-Clearwater, FL","""Mozilla/5.0 (Macintosh; Intel Mac OS X 10_9_4) AppleWebKit/537.78.2 (KHTML, like Gecko) Version/7.0.6 Safari/537.78.2"""
166,"2018-11-04 20:01:14.796",73,"paid",,,72,"Tampa-St. Petersburg-Clearwater, FL","""Mozilla/5.0 (Macintosh; Intel Mac OS X 10_9_4) AppleWebKit/537.78.2 (KHTML, like Gecko) Version/7.0.6 Safari/537.78.2"""
167,"2018-11-04 20:09:05.796",73,"paid",,,72,"Tampa-St. Petersburg-Clearwater, FL","""Mozilla/5.0 (Macintosh; Intel Mac OS X 10_9_4) AppleWebKit/537.78.2 (KHTML, like Gecko) Version/7.0.6 Safari/537.78.2"""
174,"2018-11-04 20:32:24.796",73,"paid",,,72,"Tampa-St. Petersburg-Clearwater, FL","""Mozilla/5.0 (Macintosh; Intel Mac OS X 10_9_4) AppleWebKit/537.78.2 (KHTML, like Gecko) Version/7.0.6 Safari/537.78.2"""
176,"2018-11-04 20:39:08.796",73,"paid",,,72,"Tampa-St. Petersburg-Clearwater, FL","""Mozilla/5.0 (Macintosh; Intel Mac OS X 10_9_4) AppleWebKit/537.78.2 (KHTML, like Gecko) Version/7.0.6 Safari/537.78.2"""
178,"2018-11-04 20:51:20.796",73,"paid",,,72,"Tampa-St. Petersburg-Clearwater, FL","""Mozilla/5.0 (Macintosh; Intel Mac OS X 10_9_4) AppleWebKit/537.78.2 (KHTML, like Gecko) Version/7.0.6 Safari/537.78.2"""
179,"2018-11-04 20:54:06.796",73,"paid",,,72,"Tampa-St. Petersburg-Clearwater, FL","""Mozilla/5.0 (Macintosh; Intel Mac OS X 10_9_4) AppleWebKit/537.78.2 (KHTML, like Gecko) Version/7.0.6 Safari/537.78.2"""
181,"2018-11-04 22:56:24.796",69,"free",,,249,"Philadelphia-Camden-Wilmington, PA-NJ-DE-MD","""Mozilla/5.0 (Macintosh; Intel Mac OS X 10_9_4) AppleWebKit/537.36 (KHTML, like Gecko) Chrome/36.0.1985.125 Safari/537.36"""
124,"2018-11-14 07:25:54.796",16,"paid",,,479,"Birmingham-Hoover, AL","""Mozilla/5.0 (Macintosh; Intel Mac OS X 10_9_4) AppleWebKit/537.77.4 (KHTML, like Gecko) Version/7.0.5 Safari/537.77.4"""
184,"2018-11-14 08:54:23.796",58,"paid",,,522,"Augusta-Richmond County, GA-SC","""Mozilla/5.0 (Windows NT 6.3; WOW64) AppleWebKit/537.36 (KHTML, like Gecko) Chrome/36.0.1985.125 Safari/537.36"""
186,"2018-11-14 08:56:25.796",58,"paid",,,522,"Augusta-Richmond County, GA-SC","""Mozilla/5.0 (Windows NT 6.3; WOW64) AppleWebKit/537.36 (KHTML, like Gecko) Chrome/36.0.1985.125 Safari/537.36"""
189,"2018-11-14 08:57:26.796",16,"paid",,,479,"Birmingham-Hoover, AL","""Mozilla/5.0 (Macintosh; Intel Mac OS X 10_9_4) AppleWebKit/537.77.4 (KHTML, like Gecko) Version/7.0.5 Safari/537.77.4"""
206,"2018-11-14 09:19:37.796",58,"paid",,,522,"Augusta-Richmond County, GA-SC","""Mozilla/5.0 (Windows NT 6.3; WOW64) AppleWebKit/537.36 (KHTML, like Gecko) Chrome/36.0.1985.125 Safari/537.36"""
222,"2018-11-14 09:56:29.796",29,"paid",,,559,"Atlanta-Sandy Springs-Roswell, GA","""Mozilla/5.0 (Macintosh; Intel Mac OS X 10_9_4) AppleWebKit/537.78.2 (KHTML, like Gecko) Version/7.0.6 Safari/537.78.2"""
229,"2018-11-14 10:16:23.796",29,"paid",,,559,"Atlanta-Sandy Springs-Roswell, GA","""Mozilla/5.0 (Macintosh; Intel Mac OS X 10_9_4) AppleWebKit/537.78.2 (KHTML, like Gecko) Version/7.0.6 Safari/537.78.2"""
256,"2018-11-14 11:18:09.796",15,"paid",,,557,"Chicago-Naperville-Elgin, IL-IN-WI","""Mozilla/5.0 (X11; Linux x86_64) AppleWebKit/537.36 (KHTML, like Gecko) Ubuntu Chromium/36.0.1985.125 Chrome/36.0.1985.125 Safari/537.36"""
281,"2018-11-14 12:03:49.796",29,"paid",,,559,"Atlanta-Sandy Springs-Roswell, GA","""Mozilla/5.0 (Macintosh; Intel Mac OS X 10_9_4) AppleWebKit/537.78.2 (KHTML, like Gecko) Version/7.0.6 Safari/537.78.2"""
284,"2018-11-14 12:08:19.796",97,"paid",,,558,"Lansing-East Lansing, MI","""Mozilla/5.0 (X11; Linux x86_64) AppleWebKit/537.36 (KHTML, like Gecko) Chrome/37.0.2062.94 Safari/537.36"""
296,"2018-11-14 12:21:24.796",26,"free",,,571,"San Jose-Sunnyvale-Santa Clara, CA","""Mozilla/5.0 (X11; Linux x86_64) AppleWebKit/537.36 (KHTML, like Gecko) Ubuntu Chromium/36.0.1985.125 Chrome/36.0.1985.125 Safari/537.36"""
297,"2018-11-14 12:22:15.796",97,"paid",,,558,"Lansing-East Lansing, MI","""Mozilla/5.0 (X11; Linux x86_64) AppleWebKit/537.36 (KHTML, like Gecko) Chrome/37.0.2062.94 Safari/537.36"""
299,"2018-11-14 12:26:40.796",29,"paid",,,559,"Atlanta-Sandy Springs-Roswell, GA","""Mozilla/5.0 (Macintosh; Intel Mac OS X 10_9_4) AppleWebKit/537.78.2 (KHTML, like Gecko) Version/7.0.6 Safari/537.78.2"""
300,"2018-11-14 12:30:20.796",29,"paid",,,559,"Atlanta-Sandy Springs-Roswell, GA","""Mozilla/5.0 (Macintosh; Intel Mac OS X 10_9_4) AppleWebKit/537.78.2 (KHTML, like Gecko) Version/7.0.6 Safari/537.78.2"""
301,"2018-11-14 12:33:18.796",29,"paid",,,559,"Atlanta-Sandy Springs-Roswell, GA","""Mozilla/5.0 (Macintosh; Intel Mac OS X 10_9_4) AppleWebKit/537.78.2 (KHTML, like Gecko) Version/7.0.6 Safari/537.78.2"""
302,"2018-11-14 12:36:49.796",29,"paid",,,559,"Atlanta-Sandy Springs-Roswell, GA","""Mozilla/5.0 (Macintosh; Intel Mac OS X 10_9_4) AppleWebKit/537.78.2 (KHTML, like Gecko) Version/7.0.6 Safari/537.78.2"""
303,"2018-11-14 12:43:16.796",29,"paid",,,559,"Atlanta-Sandy Springs-Roswell, GA","""Mozilla/5.0 (Macintosh; Intel Mac OS X 10_9_4) AppleWebKit/537.78.2 (KHTML, like Gecko) Version/7.0.6 Safari/537.78.2"""
304,"2018-11-14 12:47:16.796",29,"paid",,,559,"Atlanta-Sandy Springs-Roswell, GA","""Mozilla/5.0 (Macintosh; Intel Mac OS X 10_9_4) AppleWebKit/537.78.2 (KHTML, like Gecko) Version/7.0.6 Safari/537.78.2"""
305,"2018-11-14 12:50:44.796",29,"paid",,,559,"Atlanta-Sandy Springs-Roswell, GA","""Mozilla/5.0 (Macintosh; Intel Mac OS X 10_9_4) AppleWebKit/537.78.2 (KHTML, like Gecko) Version/7.0.6 Safari/537.78.2"""
306,"2018-11-14 12:53:05.796",29,"paid",,,559,"Atlanta-Sandy Springs-Roswell, GA","""Mozilla/5.0 (Macintosh; Intel Mac OS X 10_9_4) AppleWebKit/537.78.2 (KHTML, like Gecko) Version/7.0.6 Safari/537.78.2"""
307,"2018-11-14 12:55:43.796",34,"free",,,495,"Milwaukee-Waukesha-West Allis, WI","Mozilla/5.0 (Macintosh; Intel Mac OS X 10.9; rv:31.0) Gecko/20100101 Firefox/31.0"
308,"2018-11-14 12:56:28.796",62,"free",,,476,"Houston-The Woodlands-Sugar Land, TX","""Mozilla/5.0 (Macintosh; Intel Mac OS X 10_10) AppleWebKit/538.46 (KHTML, like Gecko) Version/8.0 Safari/538.46"""
309,"2018-11-14 12:58:00.796",29,"paid",,,559,"Atlanta-Sandy Springs-Roswell, GA","""Mozilla/5.0 (Macintosh; Intel Mac OS X 10_9_4) AppleWebKit/537.78.2 (KHTML, like Gecko) Version/7.0.6 Safari/537.78.2"""
310,"2018-11-14 12:59:29.796",62,"free",,,476,"Houston-The Woodlands-Sugar Land, TX","""Mozilla/5.0 (Macintosh; Intel Mac OS X 10_10) AppleWebKit/538.46 (KHTML, like Gecko) Version/8.0 Safari/538.46"""
311,"2018-11-14 13:01:52.796",34,"free",,,495,"Milwaukee-Waukesha-West Allis, WI","Mozilla/5.0 (Macintosh; Intel Mac OS X 10.9; rv:31.0) Gecko/20100101 Firefox/31.0"
312,"2018-11-14 13:02:09.796",29,"paid",,,559,"Atlanta-Sandy Springs-Roswell, GA","""Mozilla/5.0 (Macintosh; Intel Mac OS X 10_9_4) AppleWebKit/537.78.2 (KHTML, like Gecko) Version/7.0.6 Safari/537.78.2"""
313,"2018-11-14 13:07:11.796",34,"free",,,495,"Milwaukee-Waukesha-West Allis, WI","Mozilla/5.0 (Macintosh; Intel Mac OS X 10.9; rv:31.0) Gecko/20100101 Firefox/31.0"
314,"2018-11-14 13:07:37.796",4,"free",,,572,"Parkersburg-Vienna, WV","""Mozilla/5.0 (Windows NT 6.1; WOW64) AppleWebKit/537.36 (KHTML, like Gecko) Chrome/36.0.1985.125 Safari/537.36"""
315,"2018-11-14 13:08:45.796",29,"paid",,,559,"Atlanta-Sandy Springs-Roswell, GA","""Mozilla/5.0 (Macintosh; Intel Mac OS X 10_9_4) AppleWebKit/537.78.2 (KHTML, like Gecko) Version/7.0.6 Safari/537.78.2"""
316,"2018-11-14 13:11:26.796",34,"free",,,495,"Milwaukee-Waukesha-West Allis, WI","Mozilla/5.0 (Macintosh; Intel Mac OS X 10.9; rv:31.0) Gecko/20100101 Firefox/31.0"
317,"2018-11-14 13:12:01.796",29,"paid",,,559,"Atlanta-Sandy Springs-Roswell, GA","""Mozilla/5.0 (Macintosh; Intel Mac OS X 10_9_4) AppleWebKit/537.78.2 (KHTML, like Gecko) Version/7.0.6 Safari/537.78.2"""
318,"2018-11-14 13:12:28.796",4,"free",,,572,"Parkersburg-Vienna, WV","""Mozilla/5.0 (Windows NT 6.1; WOW64) AppleWebKit/537.36 (KHTML, like Gecko) Chrome/36.0.1985.125 Safari/537.36"""
319,"2018-11-14 13:16:08.796",29,"paid",,,559,"Atlanta-Sandy Springs-Roswell, GA","""Mozilla/5.0 (Macintosh; Intel Mac OS X 10_9_4) AppleWebKit/537.78.2 (KHTML, like Gecko) Version/7.0.6 Safari/537.78.2"""
321,"2018-11-14 13:19:55.796",63,"free",,,544,"Santa Rosa, CA","""Mozilla/5.0 (Macintosh; Intel Mac OS X 10_9_4) AppleWebKit/537.77.4 (KHTML, like Gecko) Version/7.0.5 Safari/537.77.4"""
322,"2018-11-14 13:19:59.796",29,"paid",,,559,"Atlanta-Sandy Springs-Roswell, GA","""Mozilla/5.0 (Macintosh; Intel Mac OS X 10_9_4) AppleWebKit/537.78.2 (KHTML, like Gecko) Version/7.0.6 Safari/537.78.2"""
323,"2018-11-14 13:23:15.796",29,"paid",,,559,"Atlanta-Sandy Springs-Roswell, GA","""Mozilla/5.0 (Macintosh; Intel Mac OS X 10_9_4) AppleWebKit/537.78.2 (KHTML, like Gecko) Version/7.0.6 Safari/537.78.2"""
324,"2018-11-14 13:27:13.796",29,"paid",,,559,"Atlanta-Sandy Springs-Roswell, GA","""Mozilla/5.0 (Macintosh; Intel Mac OS X 10_9_4) AppleWebKit/537.78.2 (KHTML, like Gecko) Version/7.0.6 Safari/537.78.2"""
325,"2018-11-14 13:30:00.796",29,"paid",,,559,"Atlanta-Sandy Springs-Roswell, GA","""Mozilla/5.0 (Macintosh; Intel Mac OS X 10_9_4) AppleWebKit/537.78.2 (KHTML, like Gecko) Version/7.0.6 Safari/537.78.2"""
326,"2018-11-14 13:33:31.796",29,"paid",,,559,"Atlanta-Sandy Springs-Roswell, GA","""Mozilla/5.0 (Macintosh; Intel Mac OS X 10_9_4) AppleWebKit/537.78.2 (KHTML, like Gecko) Version/7.0.6 Safari/537.78.2"""
327,"2018-11-14 13:36:52.796",29,"paid",,,559,"Atlanta-Sandy Springs-Roswell, GA","""Mozilla/5.0 (Macintosh; Intel Mac OS X 10_9_4) AppleWebKit/537.78.2 (KHTML, like Gecko) Version/7.0.6 Safari/537.78.2"""
328,"2018-11-14 13:40:17.796",29,"paid",,,559,"Atlanta-Sandy Springs-Roswell, GA","""Mozilla/5.0 (Macintosh; Intel Mac OS X 10_9_4) AppleWebKit/537.78.2 (KHTML, like Gecko) Version/7.0.6 Safari/537.78.2"""
332,"2018-11-14 15:10:59.796",62,"free",,,585,"Houston-The Woodlands-Sugar Land, TX","""Mozilla/5.0 (Macintosh; Intel Mac OS X 10_10) AppleWebKit/538.46 (KHTML, like Gecko) Version/8.0 Safari/538.46"""
333,"2018-11-14 15:13:13.796",80,"paid",,,574,"Portland-South Portland, ME","""Mozilla/5.0 (Macintosh; Intel Mac OS X 10_9_4) AppleWebKit/537.36 (KHTML, like Gecko) Chrome/36.0.1985.143 Safari/537.36"""
334,"2018-11-14 15:14:54.796",25,"paid",,,534,"Marinette, WI-MI","""Mozilla/5.0 (Windows NT 6.3; WOW64) AppleWebKit/537.36 (KHTML, like Gecko) Chrome/36.0.1985.143 Safari/537.36"""
336,"2018-11-14 15:17:06.796",62,"free",,,585,"Houston-The Woodlands-Sugar Land, TX","""Mozilla/5.0 (Macintosh; Intel Mac OS X 10_10) AppleWebKit/538.46 (KHTML, like Gecko) Version/8.0 Safari/538.46"""
337,"2018-11-14 15:17:53.796",80,"paid",,,574,"Portland-South Portland, ME","""Mozilla/5.0 (Macintosh; Intel Mac OS X 10_9_4) AppleWebKit/537.36 (KHTML, like Gecko) Chrome/36.0.1985.143 Safari/537.36"""
338,"2018-11-14 15:20:13.796",62,"free",,,585,"Houston-The Woodlands-Sugar Land, TX","""Mozilla/5.0 (Macintosh; Intel Mac OS X 10_10) AppleWebKit/538.46 (KHTML, like Gecko) Version/8.0 Safari/538.46"""
339,"2018-11-14 15:20:15.796",88,"free",,,565,"Sacramento--Roseville--Arden-Arcade, CA","""Mozilla/5.0 (Macintosh; Intel Mac OS X 10_9_4) AppleWebKit/537.36 (KHTML, like Gecko) Chrome/36.0.1985.143 Safari/537.36"""
340,"2018-11-14 15:20:34.796",80,"paid",,,574,"Portland-South Portland, ME","""Mozilla/5.0 (Macintosh; Intel Mac OS X 10_9_4) AppleWebKit/537.36 (KHTML, like Gecko) Chrome/36.0.1985.143 Safari/537.36"""
341,"2018-11-14 15:21:01.796",25,"paid",,,534,"Marinette, WI-MI","""Mozilla/5.0 (Windows NT 6.3; WOW64) AppleWebKit/537.36 (KHTML, like Gecko) Chrome/36.0.1985.143 Safari/537.36"""
342,"2018-11-14 15:24:12.796",80,"paid",,,574,"Portland-South Portland, ME","""Mozilla/5.0 (Macintosh; Intel Mac OS X 10_9_4) AppleWebKit/537.36 (KHTML, like Gecko) Chrome/36.0.1985.143 Safari/537.36"""
343,"2018-11-14 15:24:56.796",88,"free",,,565,"Sacramento--Roseville--Arden-Arcade, CA","""Mozilla/5.0 (Macintosh; Intel Mac OS X 10_9_4) AppleWebKit/537.36 (KHTML, like Gecko) Chrome/36.0.1985.143 Safari/537.36"""
344,"2018-11-14 15:26:37.796",25,"paid",,,534,"Marinette, WI-MI","""Mozilla/5.0 (Windows NT 6.3; WOW64) AppleWebKit/537.36 (KHTML, like Gecko) Chrome/36.0.1985.143 Safari/537.36"""
346,"2018-11-14 15:27:59.796",80,"paid",,,574,"Portland-South Portland, ME","""Mozilla/5.0 (Macintosh; Intel Mac OS X 10_9_4) AppleWebKit/537.36 (KHTML, like Gecko) Chrome/36.0.1985.143 Safari/537.36"""
348,"2018-11-14 15:32:08.796",25,"paid",,,534,"Marinette, WI-MI","""Mozilla/5.0 (Windows NT 6.3; WOW64) AppleWebKit/537.36 (KHTML, like Gecko) Chrome/36.0.1985.143 Safari/537.36"""
349,"2018-11-14 15:34:47.796",25,"paid",,,534,"Marinette, WI-MI","""Mozilla/5.0 (Windows NT 6.3; WOW64) AppleWebKit/537.36 (KHTML, like Gecko) Chrome/36.0.1985.143 Safari/537.36"""
350,"2018-11-14 15:37:16.796",80,"paid",,,574,"Portland-South Portland, ME","""Mozilla/5.0 (Macintosh; Intel Mac OS X 10_9_4) AppleWebKit/537.36 (KHTML, like Gecko) Chrome/36.0.1985.143 Safari/537.36"""
351,"2018-11-14 15:38:24.796",25,"paid",,,534,"Marinette, WI-MI","""Mozilla/5.0 (Windows NT 6.3; WOW64) AppleWebKit/537.36 (KHTML, like Gecko) Chrome/36.0.1985.143 Safari/537.36"""
352,"2018-11-14 15:42:26.796",25,"paid",,,534,"Marinette, WI-MI","""Mozilla/5.0 (Windows NT 6.3; WOW64) AppleWebKit/537.36 (KHTML, like Gecko) Chrome/36.0.1985.143 Safari/537.36"""
353,"2018-11-14 15:43:22.796",80,"paid",,,574,"Portland-South Portland, ME","""Mozilla/5.0 (Macintosh; Intel Mac OS X 10_9_4) AppleWebKit/537.36 (KHTML, like Gecko) Chrome/36.0.1985.143 Safari/537.36"""
354,"2018-11-14 15:45:40.796",25,"paid",,,534,"Marinette, WI-MI","""Mozilla/5.0 (Windows NT 6.3; WOW64) AppleWebKit/537.36 (KHTML, like Gecko) Chrome/36.0.1985.143 Safari/537.36"""
356,"2018-11-14 15:47:46.796",66,"free",,,549,"Harrisburg-Carlisle, PA","""Mozilla/5.0 (Macintosh; Intel Mac OS X 10_9_4) AppleWebKit/537.36 (KHTML, like Gecko) Chrome/36.0.1985.125 Safari/537.36"""
357,"2018-11-14 15:47:47.796",80,"paid",,,574,"Portland-South Portland, ME","""Mozilla/5.0 (Macintosh; Intel Mac OS X 10_9_4) AppleWebKit/537.36 (KHTML, like Gecko) Chrome/36.0.1985.143 Safari/537.36"""
361,"2018-11-14 15:50:23.796",25,"paid",,,534,"Marinette, WI-MI","""Mozilla/5.0 (Windows NT 6.3; WOW64) AppleWebKit/537.36 (KHTML, like Gecko) Chrome/36.0.1985.143 Safari/537.36"""
362,"2018-11-14 15:51:27.796",80,"paid",,,574,"Portland-South Portland, ME","""Mozilla/5.0 (Macintosh; Intel Mac OS X 10_9_4) AppleWebKit/537.36 (KHTML, like Gecko) Chrome/36.0.1985.143 Safari/537.36"""
363,"2018-11-14 15:52:11.796",100,"free",,,493,"New York-Newark-Jersey City, NY-NJ-PA","""Mozilla/5.0 (Macintosh; Intel Mac OS X 10_9_4) AppleWebKit/537.78.2 (KHTML, like Gecko) Version/7.0.6 Safari/537.78.2"""
364,"2018-11-14 15:57:29.796",100,"free",,,493,"New York-Newark-Jersey City, NY-NJ-PA","""Mozilla/5.0 (Macintosh; Intel Mac OS X 10_9_4) AppleWebKit/537.78.2 (KHTML, like Gecko) Version/7.0.6 Safari/537.78.2"""
366,"2018-11-14 16:11:54.796",80,"paid",,,574,"Portland-South Portland, ME","""Mozilla/5.0 (Macintosh; Intel Mac OS X 10_9_4) AppleWebKit/537.36 (KHTML, like Gecko) Chrome/36.0.1985.143 Safari/537.36"""
367,"2018-11-14 16:15:14.796",80,"paid",,,574,"Portland-South Portland, ME","""Mozilla/5.0 (Macintosh; Intel Mac OS X 10_9_4) AppleWebKit/537.36 (KHTML, like Gecko) Chrome/36.0.1985.143 Safari/537.36"""
369,"2018-11-14 16:19:02.796",80,"paid",,,574,"Portland-South Portland, ME","""Mozilla/5.0 (Macintosh; Intel Mac OS X 10_9_4) AppleWebKit/537.36 (KHTML, like Gecko) Chrome/36.0.1985.143 Safari/537.36"""
370,"2018-11-14 16:21:40.796",80,"paid",,,574,"Portland-South Portland, ME","""Mozilla/5.0 (Macintosh; Intel Mac OS X 10_9_4) AppleWebKit/537.36 (KHTML, like Gecko) Chrome/36.0.1985.143 Safari/537.36"""
371,"2018-11-14 16:25:04.796",61,"free",,,504,"Houston-The Woodlands-Sugar Land, TX","""Mozilla/5.0 (Macintosh; Intel Mac OS X 10_9_4) AppleWebKit/537.77.4 (KHTML, like Gecko) Version/7.0.5 Safari/537.77.4"""
372,"2018-11-14 16:26:21.796",80,"paid",,,574,"Portland-South Portland, ME","""Mozilla/5.0 (Macintosh; Intel Mac OS X 10_9_4) AppleWebKit/537.36 (KHTML, like Gecko) Chrome/36.0.1985.143 Safari/537.36"""
373,"2018-11-14 16:27:47.796",61,"free",,,504,"Houston-The Woodlands-Sugar Land, TX","""Mozilla/5.0 (Macintosh; Intel Mac OS X 10_9_4) AppleWebKit/537.77.4 (KHTML, like Gecko) Version/7.0.5 Safari/537.77.4"""
374,"2018-11-14 16:31:12.796",61,"free",,,504,"Houston-The Woodlands-Sugar Land, TX","""Mozilla/5.0 (Macintosh; Intel Mac OS X 10_9_4) AppleWebKit/537.77.4 (KHTML, like Gecko) Version/7.0.5 Safari/537.77.4"""
375,"2018-11-14 16:34:43.796",80,"paid",,,574,"Portland-South Portland, ME","""Mozilla/5.0 (Macintosh; Intel Mac OS X 10_9_4) AppleWebKit/537.36 (KHTML, like Gecko) Chrome/36.0.1985.143 Safari/537.36"""
376,"2018-11-14 16:39:20.796",80,"paid",,,574,"Portland-South Portland, ME","""Mozilla/5.0 (Macintosh; Intel Mac OS X 10_9_4) AppleWebKit/537.36 (KHTML, like Gecko) Chrome/36.0.1985.143 Safari/537.36"""
378,"2018-11-14 16:42:10.796",80,"paid",,,574,"Portland-South Portland, ME","""Mozilla/5.0 (Macintosh; Intel Mac OS X 10_9_4) AppleWebKit/537.36 (KHTML, like Gecko) Chrome/36.0.1985.143 Safari/537.36"""
379,"2018-11-14 16:42:22.796",50,"free",,,578,"New Haven-Milford, CT","""Mozilla/5.0 (Windows NT 6.3; WOW64) AppleWebKit/537.36 (KHTML, like Gecko) Chrome/36.0.1985.143 Safari/537.36"""
380,"2018-11-14 16:44:59.796",80,"paid",,,574,"Portland-South Portland, ME","""Mozilla/5.0 (Macintosh; Intel Mac OS X 10_9_4) AppleWebKit/537.36 (KHTML, like Gecko) Chrome/36.0.1985.143 Safari/537.36"""
381,"2018-11-14 16:51:11.796",80,"paid",,,574,"Portland-South Portland, ME","""Mozilla/5.0 (Macintosh; Intel Mac OS X 10_9_4) AppleWebKit/537.36 (KHTML, like Gecko) Chrome/36.0.1985.143 Safari/537.36"""
382,"2018-11-14 16:55:37.796",80,"paid",,,574,"Portland-South Portland, ME","""Mozilla/5.0 (Macintosh; Intel Mac OS X 10_9_4) AppleWebKit/537.36 (KHTML, like Gecko) Chrome/36.0.1985.143 Safari/537.36"""
383,"2018-11-14 17:00:36.796",80,"paid",,,574,"Portland-South Portland, ME","""Mozilla/5.0 (Macintosh; Intel Mac OS X 10_9_4) AppleWebKit/537.36 (KHTML, like Gecko) Chrome/36.0.1985.143 Safari/537.36"""
384,"2018-11-14 17:04:18.796",80,"paid",,,574,"Portland-South Portland, ME","""Mozilla/5.0 (Macintosh; Intel Mac OS X 10_9_4) AppleWebKit/537.36 (KHTML, like Gecko) Chrome/36.0.1985.143 Safari/537.36"""
385,"2018-11-14 17:09:30.796",80,"paid",,,574,"Portland-South Portland, ME","""Mozilla/5.0 (Macintosh; Intel Mac OS X 10_9_4) AppleWebKit/537.36 (KHTML, like Gecko) Chrome/36.0.1985.143 Safari/537.36"""
386,"2018-11-14 17:13:34.796",80,"paid",,,574,"Portland-South Portland, ME","""Mozilla/5.0 (Macintosh; Intel Mac OS X 10_9_4) AppleWebKit/537.36 (KHTML, like Gecko) Chrome/36.0.1985.143 Safari/537.36"""
387,"2018-11-14 17:17:07.796",80,"paid",,,574,"Portland-South Portland, ME","""Mozilla/5.0 (Macintosh; Intel Mac OS X 10_9_4) AppleWebKit/537.36 (KHTML, like Gecko) Chrome/36.0.1985.143 Safari/537.36"""
388,"2018-11-14 17:22:11.796",80,"paid",,,574,"Portland-South Portland, ME","""Mozilla/5.0 (Macintosh; Intel Mac OS X 10_9_4) AppleWebKit/537.36 (KHTML, like Gecko) Chrome/36.0.1985.143 Safari/537.36"""
389,"2018-11-14 17:27:22.796",67,"free",,,540,"Nashville-Davidson--Murfreesboro--Franklin, TN","""Mozilla/5.0 (Macintosh; Intel Mac OS X 10_9_4) AppleWebKit/537.36 (KHTML, like Gecko) Chrome/36.0.1985.125 Safari/537.36"""
391,"2018-11-14 17:30:51.796",67,"free",,,540,"Nashville-Davidson--Murfreesboro--Franklin, TN","""Mozilla/5.0 (Macintosh; Intel Mac OS X 10_9_4) AppleWebKit/537.36 (KHTML, like Gecko) Chrome/36.0.1985.125 Safari/537.36"""
392,"2018-11-14 17:34:23.796",67,"free",,,540,"Nashville-Davidson--Murfreesboro--Franklin, TN","""Mozilla/5.0 (Macintosh; Intel Mac OS X 10_9_4) AppleWebKit/537.36 (KHTML, like Gecko) Chrome/36.0.1985.125 Safari/537.36"""
393,"2018-11-14 17:36:43.796",67,"free",,,540,"Nashville-Davidson--Murfreesboro--Franklin, TN","""Mozilla/5.0 (Macintosh; Intel Mac OS X 10_9_4) AppleWebKit/537.36 (KHTML, like Gecko) Chrome/36.0.1985.125 Safari/537.36"""
394,"2018-11-14 17:38:04.796",80,"paid",,,574,"Portland-South Portland, ME","""Mozilla/5.0 (Macintosh; Intel Mac OS X 10_9_4) AppleWebKit/537.36 (KHTML, like Gecko) Chrome/36.0.1985.143 Safari/537.36"""
395,"2018-11-14 17:40:24.796",67,"free",,,540,"Nashville-Davidson--Murfreesboro--Franklin, TN","""Mozilla/5.0 (Macintosh; Intel Mac OS X 10_9_4) AppleWebKit/537.36 (KHTML, like Gecko) Chrome/36.0.1985.125 Safari/537.36"""
396,"2018-11-14 17:41:21.796",80,"paid",,,574,"Portland-South Portland, ME","""Mozilla/5.0 (Macintosh; Intel Mac OS X 10_9_4) AppleWebKit/537.36 (KHTML, like Gecko) Chrome/36.0.1985.143 Safari/537.36"""
397,"2018-11-14 17:45:29.796",80,"paid",,,574,"Portland-South Portland, ME","""Mozilla/5.0 (Macintosh; Intel Mac OS X 10_9_4) AppleWebKit/537.36 (KHTML, like Gecko) Chrome/36.0.1985.143 Safari/537.36"""
398,"2018-11-14 17:48:54.796",80,"paid",,,574,"Portland-South Portland, ME","""Mozilla/5.0 (Macintosh; Intel Mac OS X 10_9_4) AppleWebKit/537.36 (KHTML, like Gecko) Chrome/36.0.1985.143 Safari/537.36"""
399,"2018-11-14 17:52:31.796",89,"free",,,334,"Cedar Rapids, IA","""Mozilla/5.0 (Macintosh; Intel Mac OS X 10_8_5) AppleWebKit/537.36 (KHTML, like Gecko) Chrome/36.0.1985.125 Safari/537.36"""
400,"2018-11-14 17:53:14.796",80,"paid",,,574,"Portland-South Portland, ME","""Mozilla/5.0 (Macintosh; Intel Mac OS X 10_9_4) AppleWebKit/537.36 (KHTML, like Gecko) Chrome/36.0.1985.143 Safari/537.36"""
401,"2018-11-14 17:57:13.796",80,"paid",,,574,"Portland-South Portland, ME","""Mozilla/5.0 (Macintosh; Intel Mac OS X 10_9_4) AppleWebKit/537.36 (KHTML, like Gecko) Chrome/36.0.1985.143 Safari/537.36"""
402,"2018-11-14 18:00:03.796",80,"paid",,,574,"Portland-South Portland, ME","""Mozilla/5.0 (Macintosh; Intel Mac OS X 10_9_4) AppleWebKit/537.36 (KHTML, like Gecko) Chrome/36.0.1985.143 Safari/537.36"""
403,"2018-11-14 18:05:51.796",80,"paid",,,574,"Portland-South Portland, ME","""Mozilla/5.0 (Macintosh; Intel Mac OS X 10_9_4) AppleWebKit/537.36 (KHTML, like Gecko) Chrome/36.0.1985.143 Safari/537.36"""
404,"2018-11-14 18:10:02.796",80,"paid",,,574,"Portland-South Portland, ME","""Mozilla/5.0 (Macintosh; Intel Mac OS X 10_9_4) AppleWebKit/537.36 (KHTML, like Gecko) Chrome/36.0.1985.143 Safari/537.36"""
405,"2018-11-14 18:13:04.796",80,"paid",,,574,"Portland-South Portland, ME","""Mozilla/5.0 (Macintosh; Intel Mac OS X 10_9_4) AppleWebKit/537.36 (KHTML, like Gecko) Chrome/36.0.1985.143 Safari/537.36"""
406,"2018-11-14 18:16:28.796",80,"paid",,,574,"Portland-South Portland, ME","""Mozilla/5.0 (Macintosh; Intel Mac OS X 10_9_4) AppleWebKit/537.36 (KHTML, like Gecko) Chrome/36.0.1985.143 Safari/537.36"""
407,"2018-11-14 18:20:58.796",80,"paid",,,574,"Portland-South Portland, ME","""Mozilla/5.0 (Macintosh; Intel Mac OS X 10_9_4) AppleWebKit/537.36 (KHTML, like Gecko) Chrome/36.0.1985.143 Safari/537.36"""
408,"2018-11-14 18:25:57.796",80,"paid",,,574,"Portland-South Portland, ME","""Mozilla/5.0 (Macintosh; Intel Mac OS X 10_9_4) AppleWebKit/537.36 (KHTML, like Gecko) Chrome/36.0.1985.143 Safari/537.36"""
409,"2018-11-14 18:29:41.796",80,"paid",,,574,"Portland-South Portland, ME","""Mozilla/5.0 (Macintosh; Intel Mac OS X 10_9_4) AppleWebKit/537.36 (KHTML, like Gecko) Chrome/36.0.1985.143 Safari/537.36"""
410,"2018-11-14 18:35:36.796",80,"paid",,,574,"Portland-South Portland, ME","""Mozilla/5.0 (Macintosh; Intel Mac OS X 10_9_4) AppleWebKit/537.36 (KHTML, like Gecko) Chrome/36.0.1985.143 Safari/537.36"""
411,"2018-11-14 18:38:30.796",80,"paid",,,574,"Portland-South Portland, ME","""Mozilla/5.0 (Macintosh; Intel Mac OS X 10_9_4) AppleWebKit/537.36 (KHTML, like Gecko) Chrome/36.0.1985.143 Safari/537.36"""
412,"2018-11-14 18:42:58.796",80,"paid",,,574,"Portland-South Portland, ME","""Mozilla/5.0 (Macintosh; Intel Mac OS X 10_9_4) AppleWebKit/537.36 (KHTML, like Gecko) Chrome/36.0.1985.143 Safari/537.36"""
413,"2018-11-14 18:46:30.796",80,"paid",,,574,"Portland-South Portland, ME","""Mozilla/5.0 (Macintosh; Intel Mac OS X 10_9_4) AppleWebKit/537.36 (KHTML, like Gecko) Chrome/36.0.1985.143 Safari/537.36"""
415,"2018-11-14 18:50:35.796",80,"paid",,,574,"Portland-South Portland, ME","""Mozilla/5.0 (Macintosh; Intel Mac OS X 10_9_4) AppleWebKit/537.36 (KHTML, like Gecko) Chrome/36.0.1985.143 Safari/537.36"""
416,"2018-11-14 18:54:42.796",80,"paid",,,574,"Portland-South Portland, ME","""Mozilla/5.0 (Macintosh; Intel Mac OS X 10_9_4) AppleWebKit/537.36 (KHTML, like Gecko) Chrome/36.0.1985.143 Safari/537.36"""
417,"2018-11-14 18:58:18.796",80,"paid",,,574,"Portland-South Portland, ME","""Mozilla/5.0 (Macintosh; Intel Mac OS X 10_9_4) AppleWebKit/537.36 (KHTML, like Gecko) Chrome/36.0.1985.143 Safari/537.36"""
418,"2018-11-14 19:02:02.796",80,"paid",,,574,"Portland-South Portland, ME","""Mozilla/5.0 (Macintosh; Intel Mac OS X 10_9_4) AppleWebKit/537.36 (KHTML, like Gecko) Chrome/36.0.1985.143 Safari/537.36"""
419,"2018-11-14 19:05:18.796",80,"paid",,,574,"Portland-South Portland, ME","""Mozilla/5.0 (Macintosh; Intel Mac OS X 10_9_4) AppleWebKit/537.36 (KHTML, like Gecko) Chrome/36.0.1985.143 Safari/537.36"""
420,"2018-11-14 19:09:00.796",80,"paid",,,574,"Portland-South Portland, ME","""Mozilla/5.0 (Macintosh; Intel Mac OS X 10_9_4) AppleWebKit/537.36 (KHTML, like Gecko) Chrome/36.0.1985.143 Safari/537.36"""
421,"2018-11-14 19:12:39.796",80,"paid",,,574,"Portland-South Portland, ME","""Mozilla/5.0 (Macintosh; Intel Mac OS X 10_9_4) AppleWebKit/537.36 (KHTML, like Gecko) Chrome/36.0.1985.143 Safari/537.36"""
422,"2018-11-14 19:18:13.796",80,"paid",,,574,"Portland-South Portland, ME","""Mozilla/5.0 (Macintosh; Intel Mac OS X 10_9_4) AppleWebKit/537.36 (KHTML, like Gecko) Chrome/36.0.1985.143 Safari/537.36"""
423,"2018-11-14 19:22:13.796",80,"paid",,,574,"Portland-South Portland, ME","""Mozilla/5.0 (Macintosh; Intel Mac OS X 10_9_4) AppleWebKit/537.36 (KHTML, like Gecko) Chrome/36.0.1985.143 Safari/537.36"""
428,"2018-11-14 20:03:53.796",101,"free",,,419,"New Orleans-Metairie, LA","""Mozilla/5.0 (Windows NT 6.3; WOW64) AppleWebKit/537.36 (KHTML, like Gecko) Chrome/36.0.1985.143 Safari/537.36"""
429,"2018-11-14 20:07:53.796",101,"free",,,603,"New Orleans-Metairie, LA","""Mozilla/5.0 (Windows NT 6.3; WOW64) AppleWebKit/537.36 (KHTML, like Gecko) Chrome/36.0.1985.143 Safari/537.36"""
430,"2018-11-14 20:11:08.796",101,"free",,,603,"New Orleans-Metairie, LA","""Mozilla/5.0 (Windows NT 6.3; WOW64) AppleWebKit/537.36 (KHTML, like Gecko) Chrome/36.0.1985.143 Safari/537.36"""
431,"2018-11-14 20:16:39.796",101,"free",,,603,"New Orleans-Metairie, LA","""Mozilla/5.0 (Windows NT 6.3; WOW64) AppleWebKit/537.36 (KHTML, like Gecko) Chrome/36.0.1985.143 Safari/537.36"""
432,"2018-11-14 20:20:15.796",101,"free",,,603,"New Orleans-Metairie, LA","""Mozilla/5.0 (Windows NT 6.3; WOW64) AppleWebKit/537.36 (KHTML, like Gecko) Chrome/36.0.1985.143 Safari/537.36"""
433,"2018-11-14 20:23:51.796",101,"free",,,603,"New Orleans-Metairie, LA","""Mozilla/5.0 (Windows NT 6.3; WOW64) AppleWebKit/537.36 (KHTML, like Gecko) Chrome/36.0.1985.143 Safari/537.36"""
434,"2018-11-14 20:29:39.796",101,"free",,,603,"New Orleans-Metairie, LA","""Mozilla/5.0 (Windows NT 6.3; WOW64) AppleWebKit/537.36 (KHTML, like Gecko) Chrome/36.0.1985.143 Safari/537.36"""
435,"2018-11-14 20:32:53.796",101,"free",,,603,"New Orleans-Metairie, LA","""Mozilla/5.0 (Windows NT 6.3; WOW64) AppleWebKit/537.36 (KHTML, like Gecko) Chrome/36.0.1985.143 Safari/537.36"""
436,"2018-11-14 20:36:44.796",101,"free",,,603,"New Orleans-Metairie, LA","""Mozilla/5.0 (Windows NT 6.3; WOW64) AppleWebKit/537.36 (KHTML, like Gecko) Chrome/36.0.1985.143 Safari/537.36"""
439,"2018-11-14 21:54:38.796",97,"paid",,,584,"Lansing-East Lansing, MI","""Mozilla/5.0 (X11; Linux x86_64) AppleWebKit/537.36 (KHTML, like Gecko) Chrome/37.0.2062.94 Safari/537.36"""
440,"2018-11-14 22:01:47.796",97,"paid",,,584,"Lansing-East Lansing, MI","""Mozilla/5.0 (X11; Linux x86_64) AppleWebKit/537.36 (KHTML, like Gecko) Chrome/37.0.2062.94 Safari/537.36"""
441,"2018-11-14 22:29:17.796",49,"paid",,,576,"San Francisco-Oakland-Hayward, CA","Mozilla/5.0 (Windows NT 5.1; rv:31.0) Gecko/20100101 Firefox/31.0"
442,"2018-11-14 22:34:52.796",49,"paid",,,576,"San Francisco-Oakland-Hayward, CA","Mozilla/5.0 (Windows NT 5.1; rv:31.0) Gecko/20100101 Firefox/31.0"
443,"2018-11-14 22:37:59.796",49,"paid",,,576,"San Francisco-Oakland-Hayward, CA","Mozilla/5.0 (Windows NT 5.1; rv:31.0) Gecko/20100101 Firefox/31.0"
444,"2018-11-14 22:40:13.796",49,"paid",,,576,"San Francisco-Oakland-Hayward, CA","Mozilla/5.0 (Windows NT 5.1; rv:31.0) Gecko/20100101 Firefox/31.0"
445,"2018-11-14 22:43:29.796",49,"paid",,,576,"San Francisco-Oakland-Hayward, CA","Mozilla/5.0 (Windows NT 5.1; rv:31.0) Gecko/20100101 Firefox/31.0"
446,"2018-11-14 22:46:57.796",49,"paid",,,576,"San Francisco-Oakland-Hayward, CA","Mozilla/5.0 (Windows NT 5.1; rv:31.0) Gecko/20100101 Firefox/31.0"
447,"2018-11-14 22:53:18.796",49,"paid",,,576,"San Francisco-Oakland-Hayward, CA","Mozilla/5.0 (Windows NT 5.1; rv:31.0) Gecko/20100101 Firefox/31.0"
448,"2018-11-14 23:03:00.796",49,"paid",,,576,"San Francisco-Oakland-Hayward, CA","Mozilla/5.0 (Windows NT 5.1; rv:31.0) Gecko/20100101 Firefox/31.0"
449,"2018-11-14 23:05:27.796",49,"paid",,,576,"San Francisco-Oakland-Hayward, CA","Mozilla/5.0 (Windows NT 5.1; rv:31.0) Gecko/20100101 Firefox/31.0"
450,"2018-11-14 23:10:05.796",49,"paid",,,576,"San Francisco-Oakland-Hayward, CA","Mozilla/5.0 (Windows NT 5.1; rv:31.0) Gecko/20100101 Firefox/31.0"
451,"2018-11-14 23:14:07.796",49,"paid",,,576,"San Francisco-Oakland-Hayward, CA","Mozilla/5.0 (Windows NT 5.1; rv:31.0) Gecko/20100101 Firefox/31.0"
452,"2018-11-14 23:18:31.796",49,"paid",,,576,"San Francisco-Oakland-Hayward, CA","Mozilla/5.0 (Windows NT 5.1; rv:31.0) Gecko/20100101 Firefox/31.0"
453,"2018-11-14 23:22:14.796",49,"paid",,,576,"San Francisco-Oakland-Hayward, CA","Mozilla/5.0 (Windows NT 5.1; rv:31.0) Gecko/20100101 Firefox/31.0"
454,"2018-11-14 23:26:53.796",49,"paid",,,576,"San Francisco-Oakland-Hayward, CA","Mozilla/5.0 (Windows NT 5.1; rv:31.0) Gecko/20100101 Firefox/31.0"
455,"2018-11-14 23:32:07.796",49,"paid",,,576,"San Francisco-Oakland-Hayward, CA","Mozilla/5.0 (Windows NT 5.1; rv:31.0) Gecko/20100101 Firefox/31.0"
456,"2018-11-14 23:38:06.796",49,"paid",,,576,"San Francisco-Oakland-Hayward, CA","Mozilla/5.0 (Windows NT 5.1; rv:31.0) Gecko/20100101 Firefox/31.0"
210,"2018-11-08 19:22:53.796",80,"paid",,,376,"Portland-South Portland, ME","""Mozilla/5.0 (Macintosh; Intel Mac OS X 10_9_4) AppleWebKit/537.36 (KHTML, like Gecko) Chrome/36.0.1985.143 Safari/537.36"""
295,"2018-11-30 15:57:42.796",16,"paid",,,1076,"Birmingham-Hoover, AL","""Mozilla/5.0 (Macintosh; Intel Mac OS X 10_9_4) AppleWebKit/537.77.4 (KHTML, like Gecko) Version/7.0.5 Safari/537.77.4"""
329,"2018-11-30 16:49:06.796",16,"paid",,,1076,"Birmingham-Hoover, AL","""Mozilla/5.0 (Macintosh; Intel Mac OS X 10_9_4) AppleWebKit/537.77.4 (KHTML, like Gecko) Version/7.0.5 Safari/537.77.4"""
330,"2018-11-30 16:51:42.796",16,"paid",,,1076,"Birmingham-Hoover, AL","""Mozilla/5.0 (Macintosh; Intel Mac OS X 10_9_4) AppleWebKit/537.77.4 (KHTML, like Gecko) Version/7.0.5 Safari/537.77.4"""
331,"2018-11-30 16:55:41.796",16,"paid",,,1076,"Birmingham-Hoover, AL","""Mozilla/5.0 (Macintosh; Intel Mac OS X 10_9_4) AppleWebKit/537.77.4 (KHTML, like Gecko) Version/7.0.5 Safari/537.77.4"""
335,"2018-11-30 17:07:22.796",16,"paid",,,1076,"Birmingham-Hoover, AL","""Mozilla/5.0 (Macintosh; Intel Mac OS X 10_9_4) AppleWebKit/537.77.4 (KHTML, like Gecko) Version/7.0.5 Safari/537.77.4"""
345,"2018-11-30 17:30:27.796",16,"paid",,,1076,"Birmingham-Hoover, AL","""Mozilla/5.0 (Macintosh; Intel Mac OS X 10_9_4) AppleWebKit/537.77.4 (KHTML, like Gecko) Version/7.0.5 Safari/537.77.4"""
347,"2018-11-30 17:34:27.796",16,"paid",,,1076,"Birmingham-Hoover, AL","""Mozilla/5.0 (Macintosh; Intel Mac OS X 10_9_4) AppleWebKit/537.77.4 (KHTML, like Gecko) Version/7.0.5 Safari/537.77.4"""
355,"2018-11-30 17:48:55.796",49,"paid",,,1114,"San Francisco-Oakland-Hayward, CA","Mozilla/5.0 (Windows NT 5.1; rv:31.0) Gecko/20100101 Firefox/31.0"
358,"2018-11-30 17:54:43.796",49,"paid",,,1114,"San Francisco-Oakland-Hayward, CA","Mozilla/5.0 (Windows NT 5.1; rv:31.0) Gecko/20100101 Firefox/31.0"
359,"2018-11-30 17:57:24.796",16,"paid",,,1076,"Birmingham-Hoover, AL","""Mozilla/5.0 (Macintosh; Intel Mac OS X 10_9_4) AppleWebKit/537.77.4 (KHTML, like Gecko) Version/7.0.5 Safari/537.77.4"""
360,"2018-11-30 17:58:43.796",49,"paid",,,1114,"San Francisco-Oakland-Hayward, CA","Mozilla/5.0 (Windows NT 5.1; rv:31.0) Gecko/20100101 Firefox/31.0"
365,"2018-11-30 18:13:36.796",49,"paid",,,1114,"San Francisco-Oakland-Hayward, CA","Mozilla/5.0 (Windows NT 5.1; rv:31.0) Gecko/20100101 Firefox/31.0"
368,"2018-11-30 18:19:03.796",16,"paid",,,1076,"Birmingham-Hoover, AL","""Mozilla/5.0 (Macintosh; Intel Mac OS X 10_9_4) AppleWebKit/537.77.4 (KHTML, like Gecko) Version/7.0.5 Safari/537.77.4"""
377,"2018-11-30 18:32:46.796",49,"paid",,,1114,"San Francisco-Oakland-Hayward, CA","Mozilla/5.0 (Windows NT 5.1; rv:31.0) Gecko/20100101 Firefox/31.0"
320,"2018-11-29 21:19:18.796",80,"paid",,,1065,"Portland-South Portland, ME","""Mozilla/5.0 (Macintosh; Intel Mac OS X 10_9_4) AppleWebKit/537.36 (KHTML, like Gecko) Chrome/36.0.1985.143 Safari/537.36"""
390,"2018-11-15 19:02:26.796",44,"paid",,,619,"Waterloo-Cedar Falls, IA","Mozilla/5.0 (Macintosh; Intel Mac OS X 10.9; rv:31.0) Gecko/20100101 Firefox/31.0"
414,"2018-11-15 19:34:20.796",44,"paid",,,619,"Waterloo-Cedar Falls, IA","Mozilla/5.0 (Macintosh; Intel Mac OS X 10.9; rv:31.0) Gecko/20100101 Firefox/31.0"
425,"2018-11-15 19:45:23.796",42,"paid",,,404,"New York-Newark-Jersey City, NY-NJ-PA","""Mozilla/5.0 (Windows NT 6.3; WOW64) AppleWebKit/537.36 (KHTML, like Gecko) Chrome/36.0.1985.143 Safari/537.36"""
438,"2018-11-15 20:22:22.796",44,"paid",,,619,"Waterloo-Cedar Falls, IA","Mozilla/5.0 (Macintosh; Intel Mac OS X 10.9; rv:31.0) Gecko/20100101 Firefox/31.0"
457,"2018-11-15 21:03:04.796",49,"paid",,,630,"San Francisco-Oakland-Hayward, CA","Mozilla/5.0 (Windows NT 5.1; rv:31.0) Gecko/20100101 Firefox/31.0"
458,"2018-11-15 21:04:27.796",44,"paid",,,619,"Waterloo-Cedar Falls, IA","Mozilla/5.0 (Macintosh; Intel Mac OS X 10.9; rv:31.0) Gecko/20100101 Firefox/31.0"
459,"2018-11-15 21:06:44.796",49,"paid",,,630,"San Francisco-Oakland-Hayward, CA","Mozilla/5.0 (Windows NT 5.1; rv:31.0) Gecko/20100101 Firefox/31.0"
460,"2018-11-15 21:08:15.796",44,"paid",,,619,"Waterloo-Cedar Falls, IA","Mozilla/5.0 (Macintosh; Intel Mac OS X 10.9; rv:31.0) Gecko/20100101 Firefox/31.0"
461,"2018-11-15 21:10:50.796",49,"paid",,,630,"San Francisco-Oakland-Hayward, CA","Mozilla/5.0 (Windows NT 5.1; rv:31.0) Gecko/20100101 Firefox/31.0"
462,"2018-11-15 21:11:36.796",44,"paid",,,619,"Waterloo-Cedar Falls, IA","Mozilla/5.0 (Macintosh; Intel Mac OS X 10.9; rv:31.0) Gecko/20100101 Firefox/31.0"
463,"2018-11-15 21:14:54.796",44,"paid",,,619,"Waterloo-Cedar Falls, IA","Mozilla/5.0 (Macintosh; Intel Mac OS X 10.9; rv:31.0) Gecko/20100101 Firefox/31.0"
464,"2018-11-15 21:15:02.796",49,"paid",,,630,"San Francisco-Oakland-Hayward, CA","Mozilla/5.0 (Windows NT 5.1; rv:31.0) Gecko/20100101 Firefox/31.0"
465,"2018-11-15 21:17:28.796",49,"paid",,,630,"San Francisco-Oakland-Hayward, CA","Mozilla/5.0 (Windows NT 5.1; rv:31.0) Gecko/20100101 Firefox/31.0"
466,"2018-11-15 21:18:34.796",44,"paid",,,619,"Waterloo-Cedar Falls, IA","Mozilla/5.0 (Macintosh; Intel Mac OS X 10.9; rv:31.0) Gecko/20100101 Firefox/31.0"
467,"2018-11-15 21:21:37.796",49,"paid",,,630,"San Francisco-Oakland-Hayward, CA","Mozilla/5.0 (Windows NT 5.1; rv:31.0) Gecko/20100101 Firefox/31.0"
468,"2018-11-15 21:21:49.796",44,"paid",,,619,"Waterloo-Cedar Falls, IA","Mozilla/5.0 (Macintosh; Intel Mac OS X 10.9; rv:31.0) Gecko/20100101 Firefox/31.0"
469,"2018-11-15 21:24:56.796",44,"paid",,,619,"Waterloo-Cedar Falls, IA","Mozilla/5.0 (Macintosh; Intel Mac OS X 10.9; rv:31.0) Gecko/20100101 Firefox/31.0"
470,"2018-11-15 21:25:45.796",49,"paid",,,630,"San Francisco-Oakland-Hayward, CA","Mozilla/5.0 (Windows NT 5.1; rv:31.0) Gecko/20100101 Firefox/31.0"
471,"2018-11-15 21:28:39.796",44,"paid",,,619,"Waterloo-Cedar Falls, IA","Mozilla/5.0 (Macintosh; Intel Mac OS X 10.9; rv:31.0) Gecko/20100101 Firefox/31.0"
472,"2018-11-15 21:31:37.796",49,"paid",,,630,"San Francisco-Oakland-Hayward, CA","Mozilla/5.0 (Windows NT 5.1; rv:31.0) Gecko/20100101 Firefox/31.0"
473,"2018-11-15 21:31:55.796",44,"paid",,,619,"Waterloo-Cedar Falls, IA","Mozilla/5.0 (Macintosh; Intel Mac OS X 10.9; rv:31.0) Gecko/20100101 Firefox/31.0"
474,"2018-11-15 21:34:58.796",44,"paid",,,619,"Waterloo-Cedar Falls, IA","Mozilla/5.0 (Macintosh; Intel Mac OS X 10.9; rv:31.0) Gecko/20100101 Firefox/31.0"
475,"2018-11-15 21:35:15.796",49,"paid",,,630,"San Francisco-Oakland-Hayward, CA","Mozilla/5.0 (Windows NT 5.1; rv:31.0) Gecko/20100101 Firefox/31.0"
476,"2018-11-15 21:37:53.796",44,"paid",,,619,"Waterloo-Cedar Falls, IA","Mozilla/5.0 (Macintosh; Intel Mac OS X 10.9; rv:31.0) Gecko/20100101 Firefox/31.0"
477,"2018-11-15 21:39:36.796",49,"paid",,,630,"San Francisco-Oakland-Hayward, CA","Mozilla/5.0 (Windows NT 5.1; rv:31.0) Gecko/20100101 Firefox/31.0"
478,"2018-11-15 21:43:18.796",49,"paid",,,630,"San Francisco-Oakland-Hayward, CA","Mozilla/5.0 (Windows NT 5.1; rv:31.0) Gecko/20100101 Firefox/31.0"
479,"2018-11-15 21:43:57.796",44,"paid",,,619,"Waterloo-Cedar Falls, IA","Mozilla/5.0 (Macintosh; Intel Mac OS X 10.9; rv:31.0) Gecko/20100101 Firefox/31.0"
480,"2018-11-15 21:45:19.796",49,"paid",,,630,"San Francisco-Oakland-Hayward, CA","Mozilla/5.0 (Windows NT 5.1; rv:31.0) Gecko/20100101 Firefox/31.0"
481,"2018-11-15 21:48:12.796",44,"paid",,,619,"Waterloo-Cedar Falls, IA","Mozilla/5.0 (Macintosh; Intel Mac OS X 10.9; rv:31.0) Gecko/20100101 Firefox/31.0"
482,"2018-11-15 21:48:15.796",49,"paid",,,630,"San Francisco-Oakland-Hayward, CA","Mozilla/5.0 (Windows NT 5.1; rv:31.0) Gecko/20100101 Firefox/31.0"
483,"2018-11-15 21:51:10.796",49,"paid",,,630,"San Francisco-Oakland-Hayward, CA","Mozilla/5.0 (Windows NT 5.1; rv:31.0) Gecko/20100101 Firefox/31.0"
484,"2018-11-15 21:51:33.796",44,"paid",,,619,"Waterloo-Cedar Falls, IA","Mozilla/5.0 (Macintosh; Intel Mac OS X 10.9; rv:31.0) Gecko/20100101 Firefox/31.0"
485,"2018-11-15 21:54:05.796",49,"paid",,,630,"San Francisco-Oakland-Hayward, CA","Mozilla/5.0 (Windows NT 5.1; rv:31.0) Gecko/20100101 Firefox/31.0"
486,"2018-11-15 21:56:18.796",44,"paid",,,619,"Waterloo-Cedar Falls, IA","Mozilla/5.0 (Macintosh; Intel Mac OS X 10.9; rv:31.0) Gecko/20100101 Firefox/31.0"
487,"2018-11-15 21:58:03.796",49,"paid",,,630,"San Francisco-Oakland-Hayward, CA","Mozilla/5.0 (Windows NT 5.1; rv:31.0) Gecko/20100101 Firefox/31.0"
488,"2018-11-15 21:59:51.796",44,"paid",,,619,"Waterloo-Cedar Falls, IA","Mozilla/5.0 (Macintosh; Intel Mac OS X 10.9; rv:31.0) Gecko/20100101 Firefox/31.0"
489,"2018-11-15 22:00:58.796",35,"free",,,482,"St. Louis, MO-IL","""Mozilla/5.0 (X11; Linux x86_64) AppleWebKit/537.36 (KHTML, like Gecko) Chrome/37.0.2062.94 Safari/537.36"""
490,"2018-11-15 22:03:16.796",49,"paid",,,630,"San Francisco-Oakland-Hayward, CA","Mozilla/5.0 (Windows NT 5.1; rv:31.0) Gecko/20100101 Firefox/31.0"
491,"2018-11-15 22:03:36.796",44,"paid",,,619,"Waterloo-Cedar Falls, IA","Mozilla/5.0 (Macintosh; Intel Mac OS X 10.9; rv:31.0) Gecko/20100101 Firefox/31.0"
492,"2018-11-15 22:06:07.796",44,"paid",,,619,"Waterloo-Cedar Falls, IA","Mozilla/5.0 (Macintosh; Intel Mac OS X 10.9; rv:31.0) Gecko/20100101 Firefox/31.0"
493,"2018-11-15 22:06:53.796",49,"paid",,,630,"San Francisco-Oakland-Hayward, CA","Mozilla/5.0 (Windows NT 5.1; rv:31.0) Gecko/20100101 Firefox/31.0"
494,"2018-11-15 22:10:08.796",44,"paid",,,619,"Waterloo-Cedar Falls, IA","Mozilla/5.0 (Macintosh; Intel Mac OS X 10.9; rv:31.0) Gecko/20100101 Firefox/31.0"
496,"2018-11-15 22:10:49.796",76,"free",,,561,"Seattle-Tacoma-Bellevue, WA","""Mozilla/5.0 (iPhone; CPU iPhone OS 7_1_2 like Mac OS X) AppleWebKit/537.51.2 (KHTML, like Gecko) Version/7.0 Mobile/11D257 Safari/9537.53"""
497,"2018-11-15 22:10:58.796",49,"paid",,,630,"San Francisco-Oakland-Hayward, CA","Mozilla/5.0 (Windows NT 5.1; rv:31.0) Gecko/20100101 Firefox/31.0"
498,"2018-11-15 22:13:24.796",44,"paid",,,619,"Waterloo-Cedar Falls, IA","Mozilla/5.0 (Macintosh; Intel Mac OS X 10.9; rv:31.0) Gecko/20100101 Firefox/31.0"
499,"2018-11-15 22:13:27.796",76,"free",,,561,"Seattle-Tacoma-Bellevue, WA","""Mozilla/5.0 (iPhone; CPU iPhone OS 7_1_2 like Mac OS X) AppleWebKit/537.51.2 (KHTML, like Gecko) Version/7.0 Mobile/11D257 Safari/9537.53"""
500,"2018-11-15 22:14:32.796",49,"paid",,,630,"San Francisco-Oakland-Hayward, CA","Mozilla/5.0 (Windows NT 5.1; rv:31.0) Gecko/20100101 Firefox/31.0"
501,"2018-11-15 22:17:10.796",44,"paid",,,619,"Waterloo-Cedar Falls, IA","Mozilla/5.0 (Macintosh; Intel Mac OS X 10.9; rv:31.0) Gecko/20100101 Firefox/31.0"
503,"2018-11-15 22:20:27.796",49,"paid",,,630,"San Francisco-Oakland-Hayward, CA","Mozilla/5.0 (Windows NT 5.1; rv:31.0) Gecko/20100101 Firefox/31.0"
504,"2018-11-15 22:21:43.796",44,"paid",,,619,"Waterloo-Cedar Falls, IA","Mozilla/5.0 (Macintosh; Intel Mac OS X 10.9; rv:31.0) Gecko/20100101 Firefox/31.0"
505,"2018-11-15 22:23:48.796",49,"paid",,,630,"San Francisco-Oakland-Hayward, CA","Mozilla/5.0 (Windows NT 5.1; rv:31.0) Gecko/20100101 Firefox/31.0"
506,"2018-11-15 22:27:16.796",44,"paid",,,619,"Waterloo-Cedar Falls, IA","Mozilla/5.0 (Macintosh; Intel Mac OS X 10.9; rv:31.0) Gecko/20100101 Firefox/31.0"
507,"2018-11-15 22:32:01.796",44,"paid",,,619,"Waterloo-Cedar Falls, IA","Mozilla/5.0 (Macintosh; Intel Mac OS X 10.9; rv:31.0) Gecko/20100101 Firefox/31.0"
508,"2018-11-15 22:35:42.796",49,"paid",,,630,"San Francisco-Oakland-Hayward, CA","Mozilla/5.0 (Windows NT 5.1; rv:31.0) Gecko/20100101 Firefox/31.0"
509,"2018-11-15 22:36:01.796",44,"paid",,,619,"Waterloo-Cedar Falls, IA","Mozilla/5.0 (Macintosh; Intel Mac OS X 10.9; rv:31.0) Gecko/20100101 Firefox/31.0"
510,"2018-11-15 22:41:03.796",44,"paid",,,619,"Waterloo-Cedar Falls, IA","Mozilla/5.0 (Macintosh; Intel Mac OS X 10.9; rv:31.0) Gecko/20100101 Firefox/31.0"
511,"2018-11-15 22:45:20.796",44,"paid",,,619,"Waterloo-Cedar Falls, IA","Mozilla/5.0 (Macintosh; Intel Mac OS X 10.9; rv:31.0) Gecko/20100101 Firefox/31.0"
513,"2018-11-15 22:48:46.796",49,"paid",,,630,"San Francisco-Oakland-Hayward, CA","Mozilla/5.0 (Windows NT 5.1; rv:31.0) Gecko/20100101 Firefox/31.0"
514,"2018-11-15 22:49:33.796",44,"paid",,,619,"Waterloo-Cedar Falls, IA","Mozilla/5.0 (Macintosh; Intel Mac OS X 10.9; rv:31.0) Gecko/20100101 Firefox/31.0"
515,"2018-11-15 22:52:58.796",44,"paid",,,619,"Waterloo-Cedar Falls, IA","Mozilla/5.0 (Macintosh; Intel Mac OS X 10.9; rv:31.0) Gecko/20100101 Firefox/31.0"
516,"2018-11-15 22:53:27.796",49,"paid",,,630,"San Francisco-Oakland-Hayward, CA","Mozilla/5.0 (Windows NT 5.1; rv:31.0) Gecko/20100101 Firefox/31.0"
517,"2018-11-15 22:56:36.796",44,"paid",,,619,"Waterloo-Cedar Falls, IA","Mozilla/5.0 (Macintosh; Intel Mac OS X 10.9; rv:31.0) Gecko/20100101 Firefox/31.0"
518,"2018-11-15 23:00:41.796",44,"paid",,,619,"Waterloo-Cedar Falls, IA","Mozilla/5.0 (Macintosh; Intel Mac OS X 10.9; rv:31.0) Gecko/20100101 Firefox/31.0"
519,"2018-11-15 23:03:43.796",44,"paid",,,619,"Waterloo-Cedar Falls, IA","Mozilla/5.0 (Macintosh; Intel Mac OS X 10.9; rv:31.0) Gecko/20100101 Firefox/31.0"
520,"2018-11-15 23:07:30.796",44,"paid",,,619,"Waterloo-Cedar Falls, IA","Mozilla/5.0 (Macintosh; Intel Mac OS X 10.9; rv:31.0) Gecko/20100101 Firefox/31.0"
521,"2018-11-15 23:12:26.796",44,"paid",,,619,"Waterloo-Cedar Falls, IA","Mozilla/5.0 (Macintosh; Intel Mac OS X 10.9; rv:31.0) Gecko/20100101 Firefox/31.0"
522,"2018-11-15 23:22:26.796",44,"paid",,,637,"Waterloo-Cedar Falls, IA","Mozilla/5.0 (Macintosh; Intel Mac OS X 10.9; rv:31.0) Gecko/20100101 Firefox/31.0"
523,"2018-11-15 23:25:47.796",44,"paid",,,637,"Waterloo-Cedar Falls, IA","Mozilla/5.0 (Macintosh; Intel Mac OS X 10.9; rv:31.0) Gecko/20100101 Firefox/31.0"
525,"2018-11-15 23:28:18.796",44,"paid",,,637,"Waterloo-Cedar Falls, IA","Mozilla/5.0 (Macintosh; Intel Mac OS X 10.9; rv:31.0) Gecko/20100101 Firefox/31.0"
526,"2018-11-15 23:31:39.796",44,"paid",,,637,"Waterloo-Cedar Falls, IA","Mozilla/5.0 (Macintosh; Intel Mac OS X 10.9; rv:31.0) Gecko/20100101 Firefox/31.0"
527,"2018-11-15 23:35:55.796",44,"paid",,,637,"Waterloo-Cedar Falls, IA","Mozilla/5.0 (Macintosh; Intel Mac OS X 10.9; rv:31.0) Gecko/20100101 Firefox/31.0"
528,"2018-11-15 23:39:05.796",44,"paid",,,637,"Waterloo-Cedar Falls, IA","Mozilla/5.0 (Macintosh; Intel Mac OS X 10.9; rv:31.0) Gecko/20100101 Firefox/31.0"
529,"2018-11-15 23:42:18.796",44,"paid",,,637,"Waterloo-Cedar Falls, IA","Mozilla/5.0 (Macintosh; Intel Mac OS X 10.9; rv:31.0) Gecko/20100101 Firefox/31.0"
530,"2018-11-15 23:46:20.796",44,"paid",,,637,"Waterloo-Cedar Falls, IA","Mozilla/5.0 (Macintosh; Intel Mac OS X 10.9; rv:31.0) Gecko/20100101 Firefox/31.0"
531,"2018-11-15 23:52:16.796",44,"paid",,,637,"Waterloo-Cedar Falls, IA","Mozilla/5.0 (Macintosh; Intel Mac OS X 10.9; rv:31.0) Gecko/20100101 Firefox/31.0"
532,"2018-11-15 23:57:05.796",44,"paid",,,637,"Waterloo-Cedar Falls, IA","Mozilla/5.0 (Macintosh; Intel Mac OS X 10.9; rv:31.0) Gecko/20100101 Firefox/31.0"
424,"2018-11-21 19:25:24.796",49,"paid",,,816,"San Francisco-Oakland-Hayward, CA","Mozilla/5.0 (Windows NT 5.1; rv:31.0) Gecko/20100101 Firefox/31.0"
426,"2018-11-21 19:29:28.796",49,"paid",,,816,"San Francisco-Oakland-Hayward, CA","Mozilla/5.0 (Windows NT 5.1; rv:31.0) Gecko/20100101 Firefox/31.0"
427,"2018-11-21 19:30:37.796",97,"paid",,,817,"Lansing-East Lansing, MI","""Mozilla/5.0 (X11; Linux x86_64) AppleWebKit/537.36 (KHTML, like Gecko) Chrome/37.0.2062.94 Safari/537.36"""
437,"2018-11-21 19:50:08.796",49,"paid",,,816,"San Francisco-Oakland-Hayward, CA","Mozilla/5.0 (Windows NT 5.1; rv:31.0) Gecko/20100101 Firefox/31.0"
495,"2018-11-21 22:42:01.796",15,"paid",,,818,"Chicago-Naperville-Elgin, IL-IN-WI","""Mozilla/5.0 (X11; Linux x86_64) AppleWebKit/537.36 (KHTML, like Gecko) Ubuntu Chromium/36.0.1985.125 Chrome/36.0.1985.125 Safari/537.36"""
502,"2018-11-21 23:06:36.796",15,"paid",,,818,"Chicago-Naperville-Elgin, IL-IN-WI","""Mozilla/5.0 (X11; Linux x86_64) AppleWebKit/537.36 (KHTML, like Gecko) Ubuntu Chromium/36.0.1985.125 Chrome/36.0.1985.125 Safari/537.36"""
512,"2018-11-21 23:47:05.796",15,"paid",,,818,"Chicago-Naperville-Elgin, IL-IN-WI","""Mozilla/5.0 (X11; Linux x86_64) AppleWebKit/537.36 (KHTML, like Gecko) Ubuntu Chromium/36.0.1985.125 Chrome/36.0.1985.125 Safari/537.36"""
